abade,abadea
abadetar,abadetarra
abark,abarcac
abeze,abeceá
abendu,abendua
aberastasun,aberastasuna
aberastu,aberastu
aberats,aberatsa
aberats,aberatsá
abere,aberea
aberekeria,aberequeria
aberetu,aberetu
aberetu,aberetú
aberetu,aberetua
aberia,aberia
abiatu,abiatu
abiatu,abiatua
abilidade,abilidadea
ablatibo,ablativoa
abrigu,abrigua
abuztu,abuztua
akabatu,acabatu
akabatu,acabatua
akabera,acabera
akazia,acacia
akara,acara
akastu,acastu
akastu,acastua
akats,acatsa
akzidente,accidente
akzidente,accidentea
azienda,acienda
akomodatu,acomodatu
akomodatu,acomodatua
akordatu,acordatu
akordatu,acordatua
akusazio,acusacioa
akusatu,acusatu
akusatu,acusatua
akusatzaile,acusatzallea
adar,adar
adarkada,adarcada
adarkatu,adarcatu
adardun,adarduna
adar,adarra
adar,adarrac
adartsu,adartsua
adartu,adartu
adartu,adartua
adats,adatsa
adats,adatsá
adia,adia
adi,adiac
adiakatu,adiacatu
adiera,adiera
adierazi,adieraci
adierazi,adieracia
adierazkor,adierazcorra
adierazle,adierazlea
adieraztea,adieraztea
adigarri,adigarria
adin,adina
adin,adiná
adindu,adindu
adinon,adinon
adinon,adiñona
adinkide,adinquidea
adintsu,adintsuá
adiskide,adisquidea
adiskidetasun,adisquidetasuna
adiskidetu,adisquidetu
adiskidetu,adisquidetua
aditu,aditu
aditu,aditua
aditz,aditza
aditzaile,aditzallea
aditzaile,aditzalleac
aditze,aditzea
administratu,administratua
administratzaile,administratzallea
adoragarri,adoragarria
adoratu,adoratú
adoratu,adoratua
aduana,aduana
aduana,aduaná
adulterio,adulterioa
afaltegi,afalteguia
afari,afaria
agata,agata
agor,agorra
agortasun,agortasuna
agortu,agortua
agudo,agudo
agudo,agudó
agerkai,aguercaya
ageri,agueri
ageri,agueria
agerpen,aguerpena
agertu,aguertu
agertu,aguertú
agertu,aguertua
agertu,aguertuá
agertze,aguertzea
agian,aguian
agindu,aguindu
agindu,aguindua
agintaldi,aguintaldia
agintari,aguintaria
agintzaile,aguintzallea
agiri,aguiri
agiri,aguiria
agure,agurea
aguretu,aguretu
aguretu,aguretua
agur,agurra
agur,agurrac
agurtu,agurtu
agurtu,agurtua
ahaika,ahaicá
ahaikari,ahaicaria
ahaldun,ahalduna
ahalke,ahalquea
ahalketi,ahalquetia
ahalketu,ahalquetu
ahalketu,ahalquetua
ahul,ahula
ahuldu,ahuldu
ahur,ahurra
aingerutar,ainguerutarra
aingira,ainguirá
aingura,aingura
ainguratu,ainguratu
ainguratu,ainguratua
aintzatu,aintzatu
aintzatu,aintzatua
aintzira,aintzira
aipatu,aipatu
aipatu,aipatua
airos,airosa
aisatu,aisatu
aita,aita
aitabitxi,aitabichia
aitabisaba,aitabisaba
aitakide,aitaquidea
aitaren,aitarena
aitatasun,aitatasuna
aitatu,aitatu
aitona,aitona
aitor,aitorrá
aitortegi,aitorteguia
aitortu,aitortu
aitortu,aitortua
aitzakia,aitzaquia
aitzin,aitzin
aitzin,aitzina
aitzinatu,aitzinatu
aitzinatu,aitziñatu
aitzinatu,áitzinatu
aitzinatu,aitzinatua
aitzindari,aitzindaria
aitzindu,aitzindu
aitzindu,aitzindua
aitzineko,aitzinecoa
aitzurkada,aitzurcada
aitzur,aitzurra
aitzurtu,aitzurtu
aitzurtu,aitzurtua
aizkora,aizcora
alaba,alaba
alabastro,alabastro
alabatu,alabatu
alabatu,alabatua
alaigarri,alaigarria
alaitasun,alaitasuna
alaitu,alaitu
alaitu,alaitua
alanbre,alambrea
alamen,alamena
alargun,alarguna
alargundu,alargundu
alargundu,alargundua
alarguntza,alarguntza
alai,alaya
albaka,albacá
albiriste,albiristea
albiste,albistea
albo,alboa
albo,albóac
alboko,albocoa
alborada,alborada
alboratu,alboratu
alboratu,alboratua
alkate,alcatea
altxaera,alchaera
altxatu,alchatu
altxatzaile,alchatzallea
aldakor,aldacorra
aldagarri,aldagarria
aldaira,aldaira
aldamen,aldamena
aldameneko,aldamenecoa
aldamio,aldamioa
aldapa,aldapa
aldaratu,aldaratu
aldare,aldarea
aldaro,aldaroa
aldarri,aldarria
aldats,aldatsa
aldatu,aldatu
alde,alde
alde,aldea
alde,aldeá
aldeko,aldecoa
aldekide,aldequidea
alderatu,alderatu
alderatu,alderatua
alderdi,alderdiac
aldi,aldia
aldiri,aldiria
aldiritar,aldiritarra
alditsu,alditsua
aldizkako,aldizcacoa
aldizkatu,aldizcatua
aldizko,aldizcoa
ale,alea
ale,aleac
alegeratu,alegueratu
alegeratu,alegueratua
alertze,alercea
aletu,aletua
alfer,alfer
alfer,alferra
alfertasun,alfertasuna
algara,algará
ailegatu,allegatu
almena,almená
almen,almenac
almendra,almendra
almirante,almirantea
alokairu,alocairua
alokatu,alocatua
alokatzaile,alocatzallea
aloger,aloguera
aloger,aloguerá
alor,alorra
alper,alper
alper,alperra
alper,alperrá
alportxa,alporcha
altzatu,altzatu
altzo,altzoa
ama,amá
amabitxi,amabichia
amabisaba,amabisaba
amaizun,amaizuna
amama,amama
amanda,amandá
amakide,amaquidea
amarr,amarrac
amarratu,amarratua
amarru,amarrua
amarrutsu,amarrutsua
amatasun,amatasuna
anbar,ambar
amelu,amelua
amen,amena
amesgile,amesguillea
amets,ametsá
ametsetako,ametsetacoa
ametz,ametzá
amezti,ameztia
amianto,amianto
amildu,amildu
amildu,amildua
amodio,amodio
amodio,amodioa
amona,amoná
amorratu,amorratu
amorratu,amorratua
anparatu,amparatu
anparatu,amparatua
anpulu,ampulua
amu,amuac
amultsu,amultsua
anaikide,anaiquidea
anaitar,anaitarra
anaitasun,anaitasuna
anaia,anaya
antxume,anchumea
antzinako,anciñacoa
antzinako,anciñacoac
antzinaro,anciñaro
antzinate,anciñatea
andana,andaná
andere,andere
andere,anderea
andeza,andeza
andre,andrea
andrezale,andrezalea
anega,anega
angaril,angarillac
angurri,angurria
animalia,animaliá
animatu,animatua
anis,anisá
anoa,anoa
anoa,añoa
anoa,añoá
antsia,ansia
antsia,ansiá
antsiatu,ansiatu
antsiatu,ansiatua
antsikabe,ansicabea
ante,antea
ante,anteá
antolamendu,antolamendua
antolamendu,antolamenduá
antolatu,antolatu
antolatu,antolatú
antolatu,antolatua
antsia,antsia
antsia,antsiá
antsia izan,antsia izan
antsiatu,antsiatu
antsiatu,antsiatua
antz,antzá
antzeko,antzecoa
anddere,anyerea
antz,anza
antz,anzá
apain,apain
apain,apaina
apain,apaiña
apaindu,apaindu
apaindu,apaindú
apaindu,apaindua
apaingarri,apaingarri
apaingarri,apaingarria
apaingela,apainguela
apainketa,apainqueta
apaintzaile,apaintzallea
apaiz,apaiza
apaiz,apaizá
apaizgo,apaizgoa
apaizgo,apaizgoá
apal,apala
apal,apalá
apar,aparra
apartatu,apartatu
apartatu,apartatua
apartsu,apartsua
apatz,apatza
apo,apoa
apote,apotea
apur,apurra
apurtu,apurtu
aker,aquerra
akitu,aquitu
araldi,araldia
aran,arana
arantza,aranzá
ararteko,arartecoa
aratz,aratza
arau,araua
araudun,arauduna
arautu,arautu
arautu,arautua
arazo,arazo
arazo,arazoa
araztasun,araztasuna
araztu,araztu
arbaso,arbaso
arbazta,arbazta
arbazt,arbaztac
arbel,arbelá
arboladi,arboladia
arbuiatu,arbuyatu
arka,arcaa
arkakuso,arcacusoa
arkanbele,arcambelea
artxo,archoa
arkume,arcume
arkume,arcumea
ardandegi,ardandeguia
ardatz,ardatza
ardazle,ardazlea
ardi,ardia
ardi,ardiá
arditegi,arditeguia
ardo,ardó
ardozale,ardozalea
ardura,ardurá
ardurati,arduratia
arerio,arerioa
areriotasun,areriotasuna
areriotu,areriotu
argal,argal
argal,argala
argal,argalá
argaldu,argaldu
argaldu,argaldua
argaltasun,argaltasuna
argi,arguia
argiagotu,arguiagotua
argidun,arguiduna
argigarri,arguigarria
argiontzi,arguiontzia
argiketa,arguiqueta
argitasun,arguitasuna
argitsu,arguitsua
argitu,arguitu
argitu,arguitua
argitzaile,arguitzallea
aria,ariá
arima,arima
arin,arin
arin,ariñ
arin,ariña
arindu,arindu
arindu,arindua
arintasun,arintasuna
armada,armadá
armadura,armadurá
armategi,armateguia
armiarma,armiarma
arnegari,arnegaria
arnegatu,arnegatú
arnegu,arnegua
aro,aroa
aro,aroá
arotu,arotu
arotu,arotua
arotz,arotza
arpilatu,arpillatu
arpilatu,arpillatua
arpoi,arpoya
arpoi,arpoyac
arkitu,arquitu
arkitu,arquitua
arra,arrá
arrabio,arrabioa
arrakada,arracada
arrakada,arracadá
arrakad,arracadac
arradatu,arradatua
arrai,arrai
arraia,arraia
arraia,arraiá
arrain,arraina
arrailatu,arrallatu
arranpa,arrampa
arrandegi,arrandeguia
arrano,arrano
arrano,arranoa
arrantza,arrantza
arrantzale,arrantzalea
arrantzatu,arrantzatu
arrantzale,arranzalea
arrantzari,arranzaria
arrantzatu,arranzatu
arrantzatu,arranzatua
arrasatu,arrasatu
arrasatu,arrasatua
arrastatu,arrastatu
arrastu,arrastú
arrastu,arrastua
arratz,arratza
arraun,arraun
arraia,arráya
arreba,arreba
arrendu,arrendu
arrendu,arrendua
arreta,arreta
arreta,arretá
arreta,árreta
arretu,arretu
arretu,arretua
arrimatu,arrimatu
arrimatu,arrimatua
arrimu,arrimua
arroa,arroa
arropa,arropa
arropategi,arropateguia
arrotz,arrotza
arrotz,arrotzá
arroztegi,arrozteguia
arta,arta
arta,artá
artaburu,artaburua
artazi,artaciac
artalde,artaldea
artale,artalea
artatsu,artatsu
artatsu,artatsua
artatu,artatu
artatu,artatua
arte,arte
arte,artea
arte,arteá
arte,ártea
artean,artean
arteko,arteco
arteko,artecoa
arteko,artecoac
artelatz,artelatza
artelazki,artelazquia
artetu,artetu
artetu,artetua
artez,artez
artez,artéz
artez,artezá
arteztu,arteztu
arteztu,arteztú
artista,artistá
artizar,artizarra
arto,artoa
artzanor,artzanora
artzain,arzaina
asab,asabac
asaldatu,asaldatú
asaldatu,asaldatua
asbesto,asbesto
aska,asca
aska,ásca
askaera,ascaera
askaldu,ascaldu
askari,ascaria
askatu,ascatu
askatu,ascatua
askatzaile,ascatzallea
ase,ase
ase,asé
ase,asea
asealdi,asealdia
asiar,asiarra
asilo,asilo
asmazio,asmacioa
asmakizun,asmaquizuna
asmatu,asmatu
asmatu,asmatú
asmatu,asmatua
asmatzaile,asmatzallea
asmo,asmoa
aspaldiko,aspaldicoa
aspertu,aspertu
aske,asquea
astakeria,astaqueria
aste,asteá
astearte,asteartea
asteazken,asteazquena
asti,asti
asti,astia
astigar,astigarrá
astindu,astindu
astindu,astindua
astintzaile,astintzallea
astitsu,astitsua
asto,asto
asto,astoa
astun,astun
astun,astuna
astun,astuná
astundu,astundu
astundu,astundú
astundu,astundua
astungarri,astungarri
astungarri,astungarria
asun,asuna
atabal,atabala
atabal,atabalá
atalburu,atalburua
atari,ataria
ataska,atasca
atask,atascac
ataurre,ataurrea
ataurre,atáurrea
ate,até
ate,atea
atera,atera
atera,aterá
ateratu,ateratu
ateratu,ateratua
ateratzaile,ateratzallea
ateri,ateri
ateri,ateria
aterraldi,aterraldia
aterrune,aterrunea
atertu,atertu
atertu,atertua
atezain,atezaina
atorra,atorra
atrapatu,atrapatu
atrapatu,atrapatua
atrebentzia,atrebencia
atrebitu,atrebitua
atsekabe,atsecabea
atsekabetu,atsecabetu
atsekabetu,atsecabetua
atseden,atseden
atseden,atsedena
atsedendu,atsedendua
atsegin,atseguin
atsegin,atseguiña
atsegin,atseguiñá
atso,atsoa
atso,atsoá
atun,atuna
atzaparka egin,atzaparca eguin
atzaparkada,atzaparcada
atzaparkatu,atzaparcatu
atzapartu,atzapartu
atzapartu,átzapartu
atzapartu,atzapartua
atzarri,atzarria
atze,atzea
atzen,atzena
atzendu,atzendu
atzeneko,atzenecoa
atzerapen,atzerapena
atzeratu,atzeratu
atzeratu,atzeratua
atzerri,atzerria
atzetu,atzetu
atzetu,atzetua
atzipetu,atzipetu
atzitu,atzitu
atzitu,atzitua
atzo,atzó
auzi,aucia
auzilari,aucilaria
auzizale,aucizalea
auhen,auhena
aunatu,aunatu
aukera,auquera
aurka,aurca
aurka,aurcá
aurpegi,aurpegui
aurkeztu,aurqueztu
aurkeztu,aurqueztua
aurki,aurqui
aurre,aurre
aurre,aurrea
aurreko,aurreco
aurreko,aurrecoa
aurreko,áurrecoa
aurrerapen,aurrerapena
aurreratu,aurreratu
aurreratu,aurreratua
ausartzia,ausarciá
ausarki,ausarqui
ausart,ausart
ausart,ausartá
ausartzia,ausartzia
autortu,autortu
auzilari,auzilaria
auzo,auzoa
abisatu,avisatú
abisatu,avisatua
ai,aya
ai,ayá
aieru,ayerua
aierukor,ayerucorra
aza,azá
azal,azala
azal,azalá
azaldu,azaldu
azaldu,azaldua
azao,azaoa
azaro,azaroa
azkar,azcarra
azkon,azcona
azkonar,azconarra
azeri,azeria
azerikeria,azeriqueria
azoka,azocá
azotatu,azotatu
azotatu,azotatú
azote,azote
azote,azotea
azpi,azpia
azpiko,azpicoá
azpildu,azpildu
azpildu,azpildua
azpildura,azpildura
azpiratu,azpiratu
azpiratu,azpiratua
azpizun,azpizuna
azken,azquena
azkendu,azquendu
azkendu,azquendua
azkeneko,azquenecoa
aztal,aztala
aztal,aztalá
aztarna,aztarna
azti,aztia
aztiatu,aztiatu
aztiatu,aztiatú
aztura,aztura
azukre,azucrea
bakailao,bacallao
bakailao,bacallaoá
bakan,bacan
bakan,bacaná
bakandu,bacandu
bakandu,bacandú
bakar,bacara
bakardade,bacardadea
bakar,bacarra
bakartegi,bacarteguia
bakartu,bacartu
bakun,bacuna
bakun,bacuná
badia,badiá
baga,baga
baga,bagá
bag,bagac
baia,baia
baimendu,baimendua
bairatu,bairatu
bairatu,bairatua
balakari,balacaria
balakatu,balacatu
balakatu,balacatua
balaku,balacua
balada,baladá
balazo,balazoa
balkoi,balcoya
baldan,baldana
baldankeria,baldanqueria
baleazale,baleazalea
balekume,balecumea
baliakizun,baliaquizuna
baliatu,baliatu
balio,balio
balio,balioa
balios,baliosa
baliotsu,baliotsua
balioztatu,balioztatu
banatu,banatu
banatu,banatua
banatze,banatzea
banda,bandá
bandatu,bandatu
bandatu,bandatua
bandera,bandera
banderatxo,banderachoa
banderadun,banderaduna
banderadun,banderaduná
bandolera,bandolera
bandurria,bandurria
baketa,baqueta
baketu,baquetu
baratxuri,barachuria
baranda,barandá
baratu,baratu
baratz,baratza
baratze,baratzea
barau,baraua
barazki,barazquia
barkazio,barcacioa
barkagarri,barcagarria
barkamen,barcamena
barkatu,barcatu
barkatu,barcatua
bare,barea
barlasai,barlasaya
barnatu,barnatu
barnatu,barnatua
barneko,barnecoa
barrabil,barrabilla
barraiatu,barraiatu
barraiatu,barraiatua
barraiatu,barrayatu
barrenkoi,barrencoya
barrendu,barrendu
barrendu,barrendua
barrera,barrera
barreiatu,barreyatu
barreiatu,barreyatua
barri,barria
barrika,barrica
barrikada,barricada
barril,barrila
barru,barrua
barrunbe,barrumbea
barruti,barrutia
basa,basa
basa,basá
basa,basaá
basamortu,basamortua
basakeria,basaqueria
basarto,basartoa
basati,basatia
baserri,baserria
baserritar,baserritarra
basitu,basitu
baso,basoa
basoilar,basollarra
basoratu,basoratu
basta,basta
basta,bastá
bastatu,bastatua
bastoi,bastoya
bat,bat
batasun,batasuna
bataiatu,batayatu
bataiatu,batayatua
bataio,batayoa
bateratu,bateratu
batu,batu
batu,batú
batu,batua
batu,batuá
batzarkide,batzarquidea
bai,bay
baia,baya
baia,bayá
baietz,bayetz
baietz,bayetzá
baiezko,bayezcoa
baieztatu,bayeztatú
baieztatu,bayeztatua
baieztu,bayeztu
baieztu,bayeztú
baieztu,bayeztuá
bazka,bazca
bazka,bazcá
bazkatu,bazcatu
bazkatu,bazcatua
baztanga,baztanga
bazterreratu,bazterreratu
baztertu,baztertu
bekaitz,becaitza
bekaizti,becaiztia
bekaiztu,becaiztu
bekaiztu,becaiztu
bekaiztu,becaiztua
bekar,becara
bekar,becarra
bekartsu,becartsua
bekatari,becataria
bekatu,becatua
bezero,beceroa
bekoki,becoquia
bedaur,bedaurra
bedeinkatu,bedeincatu
bedeinkatu,bedeincatua
bederatzi,bederatzi
bederatziurren,bederatziurrena
begiko,beguicoa
begietsi,beguietsi
begietsi,beguietsia
begirada,beguirada
begirada,beguiradá
begirale,beguiralea
begiratu,beguiratu
begiratu,beguiratua
begiratzaile,beguiratzallea
begiratze,beguiratzea
begirune,beguirunea
begitandu,beguitandu
begitandu,beguitandua
begitarte,beguitartea
begizko,beguizcoa
begizkoa egin,beguizcoa eguin
begiztatu,beguiztatu
begiztatu,beguiztatua
beila,beilla
beilari,beillaria
beilatu,beillatu
beira,beira
beiragile,beiraguillea
beiraki,beiraquia
beirate,beiratea
beirategi,beirateguia
bela,bela
bela,belaá
belar,belar
belardi,belardia
belar,belarra
belarri,belarri
belarri,belarria
belarri,belarriac
belarrondoko,belarrondocoa
belartza,belartza
belatu,belatu
belaun,belauná
belaunezur,belaunezurra
belaunikatu,belaunicatu
belaunikatu,belaunicatua
beltxarga,belchargá
beldur,beldurra
beldurti,beldurtia
beldurtu,beldurtu
beldurtu,beldurtú
beldurtu,beldurtua
bele,beleá
beila,bellá
beilaldi,bellaldia
beilegi,belleguia
beltz,beltz
beltz,beltza
beltzuri,beltzuria
beltzuritu,beltzuritu
beltzuritu,beltzuritua
belu,belu
belutu,belutu
belutu,belutua
benedikatu,benedicatu
bepuru,bepurua
bera,bera
bera,beraa
bera,beraá
berankor,berancorra
berandu,berandu
berandu,berandú
berandutu,berandutu
berandutu,berandutua
berdindu,berdindu
berdindu,berdindú
berdindu,berdindua
berdintasun,berdintasuna
berezi,bereci
berezi,berecia
berezitu,berecitu
berezitu,berecitua
bereiztu,bereiztu
beretu,beretu
berezko,berezcoa
bermatu,bermatu
berme,bermea
bernazaki,bernazaquia
bero,beroa
bero,beroá
beroaldi,beroaldia
beroki,beroqui
berotasun,berotasuna
berotegi,beroteguia
berotu,berotu
berotu,berotú
berotu,berotua
berrartu,berrartu
berrartu,berrartua
berretu,berretuá
berri,berri
berri,berria
berri,berriac
berritasun,berritasuna
berritsu,berritsu
berritsu,berritsua
berritsukeria,berritsuqueria
berritu,berritu
berritu,berritua
berritzaile,berritzallea
berriz,berriz
berrizale,berrizalea
berriztatu,berriztatu
berriztatu,berriztatua
berriztatze,berriztatzea
berriztu,berriztu
berriztu,berriztua
berrogei,berroguei
bertsio,bersioa
bertako,bertacoa
berun,beruna
besaburu,besaburua
besakada,besacada
besaldi,besaldia
besarkatu,besarcatu
besarkatu,besarcatua
best,bestac
beste,beste
besteratu,besteratu
besteratu,besteratua
besterendu,besterendu
besterendu,besterendua
betatu,betatu
betatu,betatua
betazal,betazala
bete,bete
bete,beté
bete,betea
bete,beteá
betegarri,betegarri
betetasun,betetasuna
betetzaile,betetzallea
beti,beti
betibizi,betibicia
betiko,beticoa
betikotasun,beticotasuna
betondo,betondoa
betun,betuna
bezatu,bezatú
beztitu,beztitu
bi,bia
bialdu,bialdu
bialdu,bialdua
bizi,bici
bizi,bicia
bizibide,bicibidea
bizikor,bicicorra
bizigarri,bicigarria
bizimodu,bicimodua
bizio,bicioa
bizitasun,bicitasuna
bizitegi,biciteguia
bizitu,bicitu
bizitza,bicitza
bidaldi,bidaldia
bidaldu,bidaldu
bidalketa,bidalqueta
bidatzaile,bidatzallea
bide,bidea
bide,bideac
bideratu,bideratu
bideratu,bideratua
bidezko,bidezcoa
bigun,biguna
bigun,biguña
biguntasun,biguntasuna
bihitu,bihitu
bildots,bildotsa
bildu,bildu
bildu,bildú
bildu,bildua
bildu,bilduá
bilduma,bilduma
bildumatu,bildumatu
bildura,bildurá
bilatu,billatu
bilatu,billatua
bilatzaile,billatzallea
bilau,billaua
bilaukeria,billauqueria
biluztu,billuztu
biluztu,billuztua
bilo,biloa
bilotsu,bilotsua
bilotsu,bilotsua
biltegi,bilteguia
biltoki,biltoquia
biltzaile,biltzallea
biltzaile,biltzállea
biltzarkide,biltzarquidea
biltze,biltzea
biluzi,biluci
biluzi,bilucia
bilur,bilura
biluz,biluza
biola,biola
biolin,biolina
biolinista,biolinista
bionbo,biomboa
biki,biquia
birakor,biracorra
biribildu,biribildu
biribil,biribilla
biribil,biribillac
biribilatu,biribillatu
biribilatu,biribillatua
biribilatu,biribillatuá
birika,birica
birikeri,biriqueria
birjaio,birjayo
birla,birlá
birloratu,birloratu
biska,bisca
biskatsu,biscatsua
bisuts,bisutsa
bitar,bitará
bitarte,bitartea
bitartean,bitartean
bitarteko,bitartecoa
bitarteko,bitartecoac
bits,bitsa
bizar,bizar
bizargile,bizarguillea
bizar,bizarrá
bizarra egin,bizarra eguin
bizarra kendu,bizarra quendú
bizartsu,bizartsua
bizkarrezur,bizcarrezurra
bizkitartean,bizquitartean
biztanle,biztanlea
biztu,biztu
biztu,biztua
bolada,bolada
bolante,bolantea
bolea,bolea
bolu,bolua
bonete,bonetea
borbor,borbora
bortxa,borchá
bortxatu,borchatu
bortxatu,borchatua
borda,borda
borda,bordá
bordari,bordaria
bordatu,bordatua
borla,borla
borondate,borondatea
borraja,borraja
borratu,borratu
borratu,borratua
borrero,borreroa
borta,bortá
bortitz,bortitzá
bostun,bostuna
bota,bota
botatu,botatu
botatu,botatua
botika,boticá
botin,botiñac
bozatu,bozatu
bozkario,bozcarioa
bozkario,bozcárioa
boztu,boztú
boztu,boztua
brageta,bragueta
brasa,brasa
brea,breá
brebiario,breviarioa
brida,brida
brida,bridá
bridatu,bridatu
bridatu,bridatua
brinko,brincoa
brindis,brindisa
brontze,broncea
brokel,broquela
bukaera,bucaera
bukatu,bucatu
bukatu,bucatú
bukatu,bucatua
bufoikeria,bufoiqueria
bufoi,bufoya
buhatu,buhatu
buiatu,buiatua
bular,bularra
bularrezur,bularrezurra
bulkada,bulcada
bulkatu,bulcatu
bulda,buldá
buila,bulla
bultza,bultzá
bultzada,bultzada
bultzatu,bultzatu
bultzada,bulzada
bultzatu,bulzatu
bultzatu,bulzatua
burko,burcoa
burdel,burdel
burdina,burdina
burdinola,burdinola
burezur,burezurra
burla,burla
burla,burlá
burl,burlac
burlati,burlatia
burlatu,burlatu
burrunba,burrumba
burrunbatu,burrumbatu
burruntzali,burruntzalia
buru,buru
buru,burua
burubide,burubidea
burukada,burucada
buruko,burucoa
burukoi,burucoya
burutazio,burutacioa
burutaldi,burutaldia
burutu,burutu
burutu,burutua
buruzagi,buruzaguia
buruzagi,buruzaguiac
busti,busti
busti,bustia
buiatu,buyatu
buiatu,buyatua
buzkantz,buzcantzá
buztanikara,buztanicara
buztin,buztina
buztin,buztiña
buztinola,buztinola
buztinki,buztinquia
buztintsu,buztintsua
ka,ca
kabala,cabalá
kaka,cacá
kakalardo,cacalardoa
kakatsu,cacatsua
kako,cacoa
kako,cacoac
kakodun,cacoduna
kadira,cadirá
kafe,cafeá
kafeontzi,cafeontzia
kaiku,caicua
kaiku,caicuá
kala,calá
kalabaza,calabaza
kalamu,calamua
kalatu,calatu
kalkatu,calcatu
kalkatu,calcatua
kalezale,calezalea
kalte egin,calte eguin
kalte,caltea
kaltedun,calteduna
kaltegarri,caltegarria
kaltetsu,caltetsua
kaltetu,caltetu
kaltetu,caltetú
kaltetu,caltetua
kanbio,cambio
kanpo,campoa
kanpoko,campocoa
kanporatu,camporatu
kanporatu,camporatua
kanaberadi,cañaberadia
kantziler,cancillera
kandela,candela
kanela,canela
kanonizatu,canonizatu
kanonizatu,canonizatua
kanoi,canoyac
kanta,cantá
kantari,cantaria
kantatu,cantatua
kapela,capela
kapusai,capusaya
kakeri,caqueria
karabela,carabelá
karabina,carabina
karkaba,carcaba
kartzelari,carcelaria
kardatu,cardatu
kardatu,cardatua
kare,carea
kareztatu,careztatu
kareztatu,careztatua
karga,carga
kargatu,cargatu
kargatu,cargatua
karmindu,carmindu
karmindura,carmindura
karmintasun,carmintasuna
karnaba,carnaba
karobi,carobia
kar,carra
karraspio,carraspioa
karreatu,carreatu
karrera,carrera
karroza,carroza
karta,cartá
karter,carterá
kartoi,cartoya
kaskamotz,cascamotza
kasta,casta
kasu,casua
katalogo,catalogo
kataplasma,cataplasma
kate,cateá
kateatu,cateatu
kateatu,cateatua
katilu,catillua
kausatu,causatu
kausitu,causitu
kaxa,caxa
kai,caya
kai,cayá
kaio,cayo
kaio,cayoa
ze,cea
zekale,cecalea
zezenko,cecencoa
zekor,cecorra
zekor,cecorrá
zeden,cedena
zedro,cedroa
zelaitu,celaitu
zelaitu,celaitú
zelaitu,celaitua
zelata,celata
zelatari,celataria
zelatatu,celatatu
zelatatu,celatatua
zenbatezin,cembateciña
zendu,cendu
zentzu,centzua
zentzatu,cenzatú
zentzatu,cenzatua
zepa,cepa
zepa,cepá
zeken,cequen
zeken,cequena
zekenkeria,cequenqueria
zer,cer
zer,cera
zerba,cerbá
zerebelo,cerebelo
zeregin,cereguiña
zero,ceroa
zerra,cerra
zerra,cerrá
zerr,cerrac
zerratoki,cerratoquia
zerratu,cerratu
zerratu,cerratua
zerrauts,cerrautsa
zerrenda,cerrenda
zerrenda,cerrendá
zerrendatu,cerrendatu
zerrendatu,cerrendatua
zerria,cerria
zerria,cerriá
zeru,cerua
zerupe,cerupea
zerutar,cerutarra
zetabe,cetabea
zeio,ceyoa
txatxar,chachara
txakur,chacur
txakurkume,chacurcumea
txakurtegi,chacurteguia
txalburu,chalburua
txalma,chalmá
txalmatu,chalmatú
txalmatu,chalmatua
txalupa,chalupa
txanpon,champona
txanda,chanda
txanel,chanela
txano,chanoa
txapel,chapela
txapin,chapiná
txara,chara
txarkeria,charqueria
txar,charra
txarrantxa,charrancha
txarro,charroa
txartel,chartela
txatar,chatarra
txatar,chatarrá
txekor,checorra
txegosi,chegosia
txepetx,chepecha
txermen,chermena
txerri,cherri
txerri,cherria
txerrikume,cherricumea
txerriki,cherriquia
txerritoki,cherritoquia
txertatu,chertatu
txertatu,chertatua
txigortu,chigortu
txigortu,chigortú
txigortu,chigortua
txilibitu,chilibitua
txilar,chillarra
tximino,chimino
tximista,chimista
tximu,chimua
txingar,chingarra
txingartu,chingartu
txingor,chingorra
txingor,chingorrac
txiki,chiqui
txiki,chiquia
txikiagotu,chiquiagotu
txikiagotu,chiquiagotua
txikigarri,chiquigarria
txikitasun,chiquitasuna
txikitu,chiquitu
txikitu,chiquitua
txirikorda,chiricorda
txirikordatu,chiricordatu
txirikordatu,chiricordatua
txirl,chirlac
txirri,chirria
txirrika,chirrica
txistatu,chistatu
txiste,chistea
txistu,chistua
txistulari,chistularia
txoko,chocoa
txokolate,chocolatea
txolarte,cholartea
txorakeria,choraqueria
txoratu,choratu
txori,choria
txoriburu,choriburu
txorimalo,chorimaloa
txoro,choroa
txorten,chortena
txukatu,chucatu
txukatu,chucatú
txukatu,chucatua
txukun,chucuna
txukun,chucuná
txukundu,chucundua
txupatu,chupatu
txupatu,chupatua
zi,cia
ziaboga,ciaboga
ziazerba,ciacerba
zibota,cibota
zizeilu,cicellua
zikoitz,cicoitza
zikoizkeria,cicoizqueria
ziega,ciegá
zigar,cigarrá
zigor,cigorra
zigor,cigorrá
zigorrada,cigorrada
zigilatu,ciguilatu
zigilu,ciguillua
zigilu,ciguilua
zil,cila
zilegitu,cileguitu
zilegitu,cileguitua
zilar,cillar
zilargile,cillarguillea
zilargin,cillarguiña
zilar,cillarra
zilarreztatu,cillarreztatu
zimel,cimelá
zimendu,cimenduá
zimikatu,cimicatu
zimiko,cimicoa
zimur,cimurra
zimur,cimurrac
zimurtu,cimurtu
zimurtu,cimurtú
zimurtu,cimurtua
zin,ciná
zinatu,ciñatu
zinatu,ciñatua
zingila,cinguilla
zingira,cinguira
zingira,cinguirá
zinta,cinta
zintzatu,cintzatu
zintzotasun,cintzotasuna
zintzotu,cintzotu
zintzotu,cintzotua
zintzurkoi,cintzurcoya
zintzur,cintzurra
zipotz,cipotza
zikin,ciquin
zikin,ciquiña
zikindu,ciquindu
zikindu,ciquindua
zikinkeria,ciquinqueria
zirtzilu,circillua
zirtzilu,circilluac
zirtzilu,circiluac
ziri,ciria
zirikatu,ciricatu
zirikatu,ciricatua
zirritu,cirritua
zital,citala
zitaldu,citaldu
zitalkeria,citalqueria
zitara,citara
ziur,ciurra
ziur,ciurrá
ziztatu,ciztatu
ziztatu,ciztatua
klaustro,claustroa
koberatu,coberatu
koberatu,coberatua
kobraezin,cobraeciña
kobrantza,cobrantzá
kobrantza,cobranza
kobratu,cobratu
kobratu,cobratua
kobratzaile,cobratzallea
kokatu,cocatú
kokatu,cocatua
kokote,cocoteá
kofadura,cofadura
kofia,cofia
koipe,coipea
koipetsu,coipetsua
koipeztatu,coipeztatu
koitadu,coitadua
kolazio,colacioa
koltxoi,colchoya
kolera,colera
kolokatu,colocatu
koloma,coloma
koloreztatu,coloreztatu
kolpatu,colpatu
komedia,comedia
komediante,comediante
konpai,compaya
konpondu,compondu
konpondu,compondú
konpondu,compondua
konpontzaile,compontzallea
konporta,comporta
konporta,comportá
komulgatu,comulgatu
kontzertatu,concertatua
kontzientzia,conciencia
konkor,concorra
kondaira,condairá
kondar,condarra
kondar,condarrá
kondar,condarrac
kondatu,condatu
kondenazio,condenacioa
kondenagarri,condenagarria
kondenatu,condenatu
kondenatu,condenatua
konfesatu,confesatu
konfiantza,confianza
konjuratu,conjuratu
kontseilari,consellaria
kontseilatu,consellatú
kontseilatu,consellatua
kontseilu,consellua
kontsideratu,consideratu
kontsideratu,consideratua
kontsolatu,consolatu
kontsolatu,consolatua
kontaezin,contaeciña
kontakizun,contaquizuna
kontatu,contatu
kontatu,contatua
kontatzaile,contatzallea
kontentatu,contentatu
kontrabandista,contrabandista
kontrabando,contrabandoa
kontradantza,contradanza
kontraesan,contraesan
kontraesan,contraesana
kontramaisu,contramaisua
kontrapisu,contrapisua
kontrapozoi,contrapozoia
kontratu,contratu
kontu,contua
kontuz,contúz
kontuzko,contuzcoa
konbeni,conveni
konbertitu,convertitu
konbertitu,convertitua
kopa,copá
kopatu,copatu
kopatu,copatua
kopeta,copeta
kopeta,copetá
kopia,copia
korapilatsu,corapillatsua
korapilatu,corapillatu
korapilatu,corapillatua
kortxete,corchete
kortxo,corchoa
korde,cordea
kordoi,cordoya
koroatu,coroatu
koroatu,coroatua
koroatze,coroatzea
korrejidore,corregidorea
korrespontsal,corresponsal
kortesia,cortesia
kortijo,cortijo
koska,cosca
koskatu,coscatu
koskatu,coscatua
kosko,coscoa
koskoil,coscoll
kosta,costa
kostaratu,costaratu
kostatu,costatu
kota,cota
kraka,cracá
kroka,croca
kroka,crocá
krokodilo,crocodiloa
kubierta,cubierta
kutxa,cucha
kuku,cucua
kuia,cuiá
kulata,culata
kulpadun,culpaduna
kume,cumea
kumino,cuminoa
kupitu,cupitu
kupitu,cupitua
kuprits,cupritsa
kurrika,currica
kurrunka,currunca
kutsatu,cutsatu
kutsatu,cutsatua
kutsu,cutsua
kutun,cutuná
dafaila,dafailla
damasko,damascoa
damu izan,damu izan
damu,damua
damugarri,damugarria
damutu,damutu
damutu,damutua
dangada,dangadá
dantza,dantzá
dantzari,dantzaria
dantzatu,dantzatu
dantza,danza
dardara,dardará
dardaratu,dardaratu
dastatu,dastatu
dastatu,dastatua
deabru,deabrua
deabrudun,deabruduna
deabrukeria,deabruqueria
deabrutu,deabrutu
deabrutu,deabrutua
debekatu,debecatu
debekatu,debecatua
debeku,debecua
defendatzaile,defendatzallea
defentsa,defensa
defuntu,defuntua
dei,deia
dei,deiá
dei,déiac
deigarri,deigarria
deitore,deitorea
deitu,deitu
deitu,deitua
deitu,deituá
deitzaile,deitzallea
delirio,delirio
denbora,dembora
demonio,demonioa
denda,denda
dendari,dendaria
dendatu,dendatu
dendatu,dendatua
denge,denguea
desagertu,desaguertu
desamodio,desamodioa
desantolatu,desantolatu
desarmatu,desarmatu
desberdindu,desberdindu
deskantsatu,descansatu
deskantsatu,descansatua
deskantsu,descansua
deskarga,descargá
deskargatu,descargatu
deskargatu,descargatua
deskargu,descargua
deskontatu,descontatu
deskontu,descontua
deskortesia,descortesia
deskortesia,descortesìa
deskuidatu,descuidatu
deseatu,deseatu
deseatu,deseatua
desegoki,desegoquia
desegin,deseguin
desegin,deseguiña
desenkusa,desencusa
desenkusatu,desencusatu
desenkusatu,desencusatua
deserri,deserria
deserritu,deserritu
deserritu,deserritua
deserrotu,deserrotu
desestali,desestali
desestali,desestalia
desgobernu,desgobernua
desgrazia,desgracia
desira,desira
desiratu,desiratu
desitsatsi,desitsatsi
desizoztu,desizoztu
deslaitu,deslaitu
deslaitu,deslaitua
deslai,deslaya
desleial,desleyala
desleial,desleyalá
desleialtasun,desleyaltasuna
desloratu,desloratu
deslotu,deslotu
desobedientzia,desobediencia
desobeditu,desobeditu
desohoragarri,desohoragarria
desohoratu,desohoratu
desohoratu,desohoratú
desohoratu,desohoratua
desohore,desohorea
desordu,desordua
despeditu,despeditu
despeditu,despeditua
desplazer,desplacer
destatu,destatua
destolestu,destolestu
destolestu,destolestua
debozio,devocioa
dei,deya
diakono,diaconoa
dialektika,dialectica
dialektiko,dialecticoa
dialekto,dialecto
diamante,diamantea
diferentzia,diferencia
dilista,dilista
dindirri,dindirria
diosal,diosala
diosal,diosalac
diru,diru
diru,dirua
dirualdi,dirualdia
dirudun,diruduna
dirutu,dirutu
dirutu,dirutua
doblatu,doblatu
doktrina,doctrina
doi,doi
doi,doia
doitu,doitú
doitu,doituá
dolare,dolarea
doilorkeria,dollorqueria
doilor,dollorra
doilortu,dollortu
dolore,dolorea
domeka,domecá
dontzeila,doncella
donge,donguea
dontsu,dontsua
dorpetasun,dorpetasuna
dostatu,dostatu
doi,doya
dukat,ducata
duda,dudá
dudagarri,dudagarria
dudatsu,dudatsua
dudatu,dudatu
dunbada,dumbada
dunbots,dumbotsa
durundi,durundia
ebakera,ebaquera
ebaki,ebaqui
ebaki,ebaquia
ebakitzaile,ebaquitzallea
ebasle,ebaslea
ebasle,ebáslea
ebatsi,ebatsi
ekaitz,ecaitza
ekaitz,ecaitzá
ekaitz,ecaitzac
ekarle,ecarlea
ekarri,ecarri
ekai,ecaya
ezen,ecen
ezerezkeria,ecerezqueria
ezereztatu,ecereztatu
ezereztatu,ecereztatua
ezereztu,ecereztu
ezereztu,ecereztú
ezereztu,ecereztua
etxadi,echadia
etxalde,echaldea
etxe,eche
etxeko,echecoa
etxola,echola
etxondo,echondoa
ezizen,ecicena
ezin,eciña
ezindu,ecindu
ezindu,ecindua
ezinegon,eciñegona
edale,edalea
edan,edaná
edari,edaria
edaritegi,edariteguia
edentsu,edentsua
eder,eder
edergailu,edergailluac
edergarri,edergarri
edergarri,edergarria
edergarri,edergarriac
eder,ederra
eder,ederrá
ederragotu,ederragotu
ederretsi,ederretsi
ederretsi,ederretsia
edertasun,edertasuna
edertu,edertu
edertu,edertú
edertu,edertua
edo,edo
edontzi,edoncia
edoski,edosqui
edoski,edosquia
egarri,egarria
egarri,egarriac
egloga,egloga
ego,ego
ego,egoa
ego,egoac
egoera,egoera
egoitza,egoitza
egoitza,egoitzá
egon,egon
egon,egoná
egoki,egoqui
egoki,egoquia
egorri,egorri
egorri,egorria
egosi,egosi
egosi,egosia
eguberri,eguberriac
egia,eguia
egiati,eguiatia
egiazale,eguiazalea
egiazko,eguiazcoa
egiaztatu,eguiaztatu
egikaritu,eguicaritu
egikaritu,eguicaritua
egile,eguillea
eginbide,eguimbidea
egin,eguin
egin,eguiña
eginbide,eguinbidea
eginkizun,eguinquizuna
egintz,eguintzac
egitate,eguitatea
egite,eguitea
egiteko,eguitecoa
egiteko,eguitecoac
egitura,eguitura
egiune,eguiunea
egiztatu,eguiztatu
egiztatu,eguiztatua
egun,egun
egun,eguná
eguneroko,egunerocoa
eguraldi,eguraldia
egurastu,egurastu
egurastu,egurastú
egurastu,egurastua
egurgile,egurguillea
egur,egurrá
eguzki,eguzqui
eguzki,eguzquia
eguzkitu,eguzquitu
eguzkitu,eguzquitua
eho,eho
eho,ehoa
elbarri,elbarri
elbarri,elbarria
elbarritasun,elbarritasuna
elbarritu,elbarritu
elbarritu,elbarritua
elkarganatu,elcarganatu
elkarganatu,elcargánatu
elkarganatu,elcarganatua
elkargarri,elcargarria
elkargo,elcargoa
elkargo,elcargoá
elkargo,elcargoac
elkarte,elcartea
elkartu,elcartu
elkartu,elcartua
elkartze,elcartzea
eltxo,elchoa
elkor,elcorra
eldarnio,eldarnioa
ele,elea
elgorri,elgorria
elikatu,elicatua
eliza,eliza
elorri,elorria
eltzagor,eltzagorra
eltze,eltzea
eltzegile,eltzeguillea
elur,elurra
elurte,elurtea
elurtsu,elurtsua
elurtu,elurtua
emakumetu,emacumetu
emakumetu,emacumetua
emagarri,emagarria
emagin,emaguiña
emagintza,emaguintza
emaile,emaillea
emaitza,emaitza
emaitz,emaitzac
emaile,emallea
eman,eman
eman,emán
eman,emaná
emakida,emaquida
ematu,ematu
ematu,ematú
ematu,ematua
eme,emea
emendatu,emendatu
emendatu,emendatua
emendio,emendioa
emetasun,emetasuna
emon,emon
enpatxu,empachua
endibia,endibia
enganatu,enganatu
enganatu,engañatu
entsalada,ensalada
entrega,entrega
entregatu,entregatu
entzun,entzun
entzun,enzun
entzun,enzuná
epaile,epaillea
epaiketa,epaiqueta
epaite,epaitea
epaitu,epaitu
epaitu,epaitua
epaitza,epaitza
epaitz,epaitzac
epaile,epallea
epe,epea
epeldu,epeldu
epeldu,epeldua
epeltasun,epeltasuna
eper,eperrá
eki,equia
ekin,equin
ekin,equiña
ekintza,equintza
ekintza,equinza
era,era
era,eraa
erabaki,erabaqui
erabaki,erabaquia
erabide,erabidea
erabili,erabilli
erabili,erabillia
erabiltzaile,erabiltzallea
erakargarri,eracargarria
erakarri,eracarri
erakarri,eracarria
eratxeki,erachequí
eratxeki,erachequia
erakusgarri,eracusgarria
erakusle,eracuslea
eradoski,eradosqui
eradoski,eradosquia
eragozgarri,eragozgarria
eragile,eraguillea
eragin,eraguin
eragin,eraguiña
eraiki,eraiqui
eraiki,eraiquia
eraldatu,eraldatu
eraldatu,eraldatua
eraile,erallea
eramaile,eramallea
eraman,eraman
eraman,erámán
eraman,erámana
eramangarri,eramangarria
erantsi,eransi
erantsi,eransia
erantsi,eransiá
erantzule,eranzulea
erantzun,eranzun
erantzun,eranzuna
erantzuki,eranzuquia
erasan,erasan
eraso,eraso
eraso,erasó
eraso,erasoa
eraso,erasoá
erasotzaile,erasotzallea
eratu,eratu
erauzi,erauci
erauzi,eraucia
erauntsi,eraunsi
erauntsi,eraunsia
erauntsi,erauntsia
erausi,erausi
erausi,erausia
erausi,erausiac
erausle,erauslea
erautsi,erautsi
erautsi,erautsia
eraztu,eraztu
eraztu,eraztua
erbatz,erbatza
erbeste,erbeste
erbeste,erbestea
erbikume,erbicumea
erbinude,erbiñudea
erdaldun,erdalduna
erdara,erdara
erdi,erdia
erdietsi,erdietsi
erdietsi,erdietsia
erdiratu,erdiratu
erdiratu,erdiratua
erditze,erditzea
erdizkatu,erdizcatu
ere,ere
ere,erea
erein,ereiñ
ereingiro,ereinguiroa
eremu,eremua
eremu,eremuá
eremutar,eremutarra
eresi,eresia
ergel,erguela
ergel,erguelá
ergelkeria,erguelqueria
eri,eri
eri,eria
eri,eriá
erialdi,erialdia
erikor,ericorra
eriden,eriden
eritasun,eritasuna
eritasun,eritasunac
eritegi,eriteguia
eritu,eritu
eritu,eritua
erizain,erizaina
erlastu,erlastu
erlastu,erlastua
erle,erlea
erlezain,erlezaina
erlojugile,erlojuguillea
ernari,ernaria
ernatu,ernatu
ernatu,ernatua
ernegatu,ernegatu
erokeria,eroqueria
erorkor,erorcorra
erori,erori
erori,eroria
erosi,erosi
erosi,erosia
erosketa,erosqueta
erosta,erosta
erostatu,erostatu
erotasun,erotasuna
erotu,erotu
erpin,erpiña
erpin,erpiñá
erpuru,erpurua
erramu,erramua
erran,erran
erran,errana
erran,erraña
erraki,erraquia
erratz,erratza
erratz,erratzá
erratz,erratzac
erraustegi,errausteguia
erraustu,erraustu
errauts,errautsa
errai,errayac
erraz,erraz
erraz,erraza
erraztu,erraztu
erre,erre
erre,erré
erre,errea
erre,erreá
errebelatu,errebelatu
errebelatu,errebelatua
errebotatu,errebotatu
errebotatu,errebotatua
errebote,errebotea
erreka,erreca
erreka,errecá
errekargu,errecargua
errezel,errecela
errezelo,erreceloa
errezeta,erreceta
errezetatu,errecetatu
errezetatu,errecetatua
erredimitu,erredimitu
erredura,erredura
errefau,errefaua
erregalatu,erregalatu
erregalatu,erregalatua
erregarri,erregarria
erregu,erregua
erregetxo,erreguechoa
erreginatu,erreguinatu
erregute,erregutea
erregutu,erregutu
erregutu,erregutua
erreinatu,erreinatu
erremate,errematea
erremediatu,erremediatu
erremedio,erremedioa
errementari,errementaria
errenkada,errencada
errentari,errentaria
errepublika,errepublica
erreki,errequia
erres,erresa
erres,erresac
erreskatatu,errescatatua
erreskate,errescatea
erresistentzia,erresistencia
errespetatu,errespetatu
errespetatu,errespetatua
errestatu,errestatua
erreten,erretena
erreten,erretená
erretiratu,erretiratu
erretiratu,erretiratua
erretreta,erretretá
erretzaile,erretzallea
erretze,erretzea
erreberentzia,erreverencia
errebista,errevista
errezatu,errezatua
errezo,errezoa
erro,erro
erro,erroa
erro,erróac
erroitz,erroitza
erroiztu,erroiztu
erroiztu,erroiztua
erronka,erronca
errota,errotá
errotari,errotaria
errotarri,errotarria
errotu,errotu
errotu,errotú
errotu,errotua
erroi,erroya
erru,errua
erru,erruá
errudun,errudun
errudun,erruduna
errun,errun
erruki,erruqui
erruki,erruquia
errukitsu,erruquitsua
errukitu,erruquitu
errukitu,erruquitua
ertz,ertza
ertz,ertzá
esaldi,esaldia
esale,esalea
esamesa,esamesa
esames,esamesac
esan,esan
esan,esaná
esanezin,esaneciña
esate,esatea
eskabide,escabidea
eskaera,escaera
eskala,escalá
eskalada,escaladá
eskalatu,escalatu
eskalatu,escalatua
eskalatzaile,escalatzallea
eskale,escale
eskale,escalea
eskale,escaleac
eskailera,escallera
eskapada,escapada
eskapatu,escapatu
eskapulario,escapularioa
eskari,escaria
eskarlatina,escarlatina
eskarola,escarola
eskas,escas
eskas,escasá
eskasia,escasiá
eskatima,escatima
eskatu,escatu
eskatu,escatua
eskatzaile,escatzallea
eskatzaile,escatzalleac
eskobatu,escobatu
eskobatu,escobatua
eskol,escolac
eskopeta,escopeta
eskribau,escribaua
eskritura,escritura
eskuadra,escuadra
eskuadroi,escuadroya
eskualdi,escualdia
eskukatu,escucatu
eskumen,escumena
eskumiku,escumicua
eskumutur,escumuturra
eskupe,escupea
eskutad,escutadac
eskutoki,escutoquia
eskuzorro,escuzorroa
eskuztatu,escuztatu
ese,esea
esegi,esegui
eseki,esequi
eseki,esequia
eseri,eseri
eseri,eseria
esnatu,esnatu
esnatu,esnatua
espa,espá
espantagarri,espantagarria
espantatu,espantatu
espantu,espantua
esparrago,esparragoa
espartzu,esparzua
espeka,especa
espeka,especá
espezie,especie
esperantza,esperanza
esperantzatu,esperanzatu
espiatu,espiatu
espiatu,espiatua
esposatu,esposatu
esposatu,esposatua
eske,esquea
eskeleto,esqueleto
esker,esquerra
esker,esquerrá
estaldu,estaldu
estaldu,estaldua
estalgarri,estalgarria
estalgile,estalguillea
estali,estali
estali,estalia
estalpe,estalpea
estalki,estalquia
estaltzaile,estaltzallea
estanpatu,estampatu
estandarte,estandarte
estandarte,estandartea
estekadura,estecadura
estekatu,estecatu
estekatu,estecatua
estimagarri,estimagarria
estimatu,estimatu
estimatu,estimatua
estira,estirá
estiratu,estiratu
estiratu,estiratú
estiratu,estiratua
estola,estola
estribu,estribua
estropezu,estropezua
estu,estu
estu,estú
estu,estua
estu,estuá
estudiante,estudiantea
estudiatu,estudiatu
estudio,estudioa
estugarri,estugarriac
estura,estura
estura,esturá
estutasun,estutasuna
estutasun,estutasúna
estutu,estutu
estutu,estutua
eten,eten
eten,etena
eten,etená
etendu,etendua
etendura,etendura
etiketa,etiqueta
etorki,etorquia
etorkizun,etorquizuna
etorkizun,etorquizunac
etorrera,etorrera
etorrera,etórrera
etorri,etorri
etorri,etorria
etoi,etoya
etsaigo,etsaigoa
etsaitasun,etsaitasuna
etsaitu,etsaitu
etsai,etsaya
etsi,etsi
etsi,etsia
etsimendu,etsimendua
etsitu,etsitu
etzan,etzan
etzauntza,etzauntza
euli,euliac
euki,euqui
euki,euquia
euri,euria
euritsu,euritsua
euskaldun,euscaldunac
euskarri,euscarria
eusle,euslea
eutsi,eutsi
eutsi,eutsia
ezagun,ezaguná
ezagutezin,ezaguteciña
ezagutu,ezagutu
ezagutu,ezagutua
ezagutza,ezagutza
ezarri,ezarri
ezarri,ezarria
ezautu,ezautu
ezautu,ezautua
ezkabia,ezcabia
ezkata,ezcatá
ezkai,ezcaya
ezkondu,ezcondu
ezkongai,ezcongaya
ezkonge,ezconguea
ezkontza,ezcontza
ezkontza,ezcontzá
ezkur,ezcurra
ezkutari,ezcutaria
ezkutatu,ezcutatu
ezkutatu,ezcutatua
ezkutu,ezcutua
ezkutuko,ezcutucoa
ezdeustu,ezdeustu
ezdeustu,ezdeustua
ezegoki,ezegoquia
ezetz,ezetza
ezezko,ezezcoa
ezeztatu,ezeztatu
ezeztu,ezeztu
ezeztu,ezeztua
ezjakin,ezjaquin
ezjakin,ezjaquiña
ezpain,ezpaina
ezpal,ezpala
ezpeleta,ezpeleta
ezpeleta,ezpeletá
ezproi,ezproya
ezkel,ezquela
ezker,ezquerra
ezker,ezquerrá
ezkerralde,ezquerraldea
ezkila,ezquilla
eztanda egin,eztanda eguin
eztarri,eztarria
ezti,eztia
eztitasun,eztitasuna
eztitsu,eztitsua
eztitu,eztitu
eztitu,eztitua
eztul,eztula
fabore,faborea
fatxada,fachada
falta,falta
faltatu,faltatu
fama,fama
famatu,famatú
famatu,famatuá
familia,familia
familiar,familiar
faro,faroá
faro,faroac
fauna,fauna
fededun,fededuna
felpa,felpa
fenix,fenixa
ferek,ferecac
ferekatu,ferecatu
feri,feriac
fermu,fermua
festa,festá
fest,festac
fidantzia,fidanciaá
fin,fiña
fiskal,fiscala
fits,fitsa
flako,flaco
flauta,flauta
flota,flota
forru,forrua
fortuna,fortuna
frak,fracac
fragata,fragata
franko,francó
franko,francoa
freskatu,frescatu
freskura,frescura
frijitu,frigitu
frijitu,frigitua
froga,froga
frogabide,frogabidea
frogantza,froganza
frogatu,frogatu
fuerte,fuertea
funts,funtsá
fusil,fusila
gabe,gabea
gabetu,gabetu
gabetu,gabetua
gabi,gabia
gazi,gacia
gazi,gaciá
gazitasun,gacitasuna
gazitu,gacitua
gako,gacoa
gai,gai
gai,gaia
gain,gaina
gain,gaiña
gaindi,gaindi
gaindi,gaindia
gainditu,gainditu
gainditu,gainditua
gaixo,gaisyo
gaixotasun,gaisyotasunac
gaixoti,gaisyotia
gaixotu,gaisyotu
gaitu,gaitu
gaitu,gaitua
gaitz,gaitza
gaitzesgarri,gaitzesgarria
gaitzetsi,gaitzetsi
gaitzetsi,gaitzetsia
gaitzondo,gaitzondoa
gaizki,gaizqui
gaizki,gaizquia
gaizkiagotu,gaizquiagotu
gaizkin,gaizquiñac
gaizkitu,gaizquitu
gaizkitu,gaizquitua
gaiztakeria,gaiztaqueria
gaizto,gaiztoa
gaiztotasun,gaiztotasuna
gaiztotu,gaiztotu
galant,galant
galant,galanta
galant,galantá
galantasun,galantasuna
galai,galaya
galbide,galbidea
galkor,galcorra
galdatu,galdatu
galdatu,galdatua
galde,galde
galde,galdea
galdetu,galdetua
galdetzaile,galdetzallea
galdu,galdu
galdu,galdua
galdu,galduá
galeper,galeperra
galera,galerá
galgarri,galgarria
gailendu,gallendu
galtz,galtzac
galtzada,galtzada
galtzapen,galtzapena
galtzerdi,galtzerdiac
ganbara,gambara
ganbara,gambará
ganbela,gambelá
ganbil,gambilla
gamelu,gamelua
gandor,gandorra
gandu,gandu
ganga,gangá
gangar,gangarra
gantz,gantzá
gantzutu,gantzutua
gar,garac
garagar,garagar
garagar,garagarrá
garaile,garailea
garaipen,garaipena
garaitu,garaitu
garaitu,garaitua
garaitza,garaitza
garaitzaile,garaitzallea
garatu,garatu
garatu,garatua
garau,garaua
garau,garauac
garautegi,garauteguia
garai,garaya
garbatu,garbatú
garbai,garbaya
garbi,garbia
garbigarri,garbigarri
garbigarri,garbigarria
garbiketa,garbiqueta
garbitasun,garbitasuna
garbitoki,garbitoquia
garbitu,garbitu
garbitu,garbitua
garbitzaile,garbitzallea
garesti,garestí
garesti,garestia
garestitu,garestitu
garestitu,garestitua
gargara,gargara
gari,gari
garizuma,garizuma
gar,garra
gar,garrá
garraiatu,garrayatu
garraiatu,garrayatú
garraiatu,garrayatua
garraiatzaile,garrayatzallea
garraio,garrayoa
garrazkeria,garrazqueria
garraztasun,garraztasuna
garraztu,garraztu
garraztu,garraztú
garraztu,garraztua
garrote,garrotea
gartu,gartu
gartu,gartú
gartu,gartua
gastatzaile,gastatzallea
gastu,gastua
gatazka,gatazca
gatazkatu,gatazcatu
gatibu,gatibua
gatz,gatzá
gatzaga,gatzaga
gatzatu,gatzatu
gatzatu,gatzatú
gatzatu,gatzatua
gatzontzi,gatzontzia
gau,gaua
gauerdi,gauerdia
gaur,gaur
gautar,gautarra
gautu,gautu
gautu,gautua
gai,gaya
gaitasun,gaytasuna
gaza,gazá
gazta,gaztá
gaztanbera,gaztambera
gazte,gaztea
gaztelania,gaztelania
gaztelu,gaztelua
gaztetasun,gaztetasuna
gaztetu,gaztetu
gaztetu,gaztetua
gaztigatu,gaztigatu
gaztigatu,gaztigatua
gaztigu,gaztigua
gaztigu,gaztiguá
gazur,gazurá
jela,gelá
jendaila,gendalla
jenero,genero
jira,gira
jirabira,girabira
jirabiratu,girabiratu
jiratu,giratu
jiratu,giratua
gloria,gloria
goaitatu,goaitatu
gobada,gobada
gobada,gobadá
gobernatu,gobernatu
gobernatu,gobernatua
gogaikarri,gogaicarria
gogaitu,gogaitu
gogaitu,gogaitua
gogo,gogoa
gogoan izan,gogoan izaná
gogoan jo,gogoan jo
gogoan jo,gogoan joa
gogoangarri,gogoangarria
gogor egin,gogor eguin
gogoratu,gogoratu
gogortasun,gogortasuna
gogortu,gogortu
gogortu,gogortua
gogotsu,gogotsua
goi,goia
goi,goiá
goibeldu,goibeldu
goibeldu,goibeldú
goibeldu,goibelduá
goiti,goiti
goiti,goitia
goititu,goititu
goititu,goititua
goiz,goiz
goiz,goizá
golardo,golardoa
goldatu,goldatu
golde,goldea
golo,goloá
gomendagarri,gomendagarria
gomendatu,gomendatu
gomendatu,gomendatua
gomendio,gomendioa
gomitatu,gomitatu
gonazpiko,gonazpicoa
gora,gora
gora,gorá
goragale,goragalea
goragarri,goragarria
goraintzi,goraincia
goraintzi,gorainciac
goratu,goratu
goratu,goratua
gorde,gorde
gorde,gordé
gorde,gordea
gordetzaile,gordetzallea
gordin,gordina
gordintasun,gordintasuna
goren,gorena
gori,goria
goritu,goritua
goroldio,goroldio
gorosti,gorostia
gorotz,gorotza
goroztegi,gorozteguia
gorputz,gorputza
gorpuzdun,gorpuzduna
gor,gorra
gorri,gorria
gorrina,gorrina
gorrina,gorriná
gorro,gorroa
gorrotagarri,gorrotagarria
gorrotatu,gorrotatu
gorrotatu,gorrotatua
gorroto,gorrotoa
gortasun,gortasuna
gortu,gortu
gortu,gortua
gosaldu,gosaldu
gosari,gosaria
gose,gose
gose,gosea
goseti,gosetia
gosetu,gosetu
gostatu,gostatu
gobernari,governaria
gobernatzaile,governatzallea
goi,goyá
gozakaitz,gozacaitza
gozakaitz,gozacaitzá
gozakaiztu,gozacaiztu
gozakaiztu,gozacaiztua
gozagarri,gozagarria
gozamen,gozamena
gozatu,gozatu
gozatu,gozatú
gozatu,gozatua
gozo,gozoá
gozo,gozoac
gozotasun,gozotasuna
grina,griñá
grinatu,griñatua
gubia,gubia
gutxitu,guchitu
gutxitu,guchitua
gudari,gudaria
gudatu,gudatu
gudatu,gudatua
gudu,gudua
gudu,guduá
gezi,guecia
gela,guela
gela,guelá
gelbera,guelberá
geldi,gueldi
geldi,gueldia
geldiera,gueldiera
gelditu,guelditu
gelditu,guelditua
geldo,gueldoa
geldotu,gueldotú
geraldi,gueraldia
geratu,gueratu
gerezi,guereci
gerezi,guerecia
gero,guero
gero,gueró
geroko,guerocoa
geroko,guerocoac
gerrari,guerraria
gerrari,guerrariac
gerrazale,guerrazalea
gerri,guerriá
gerriko,guerricoa
gertaera,guertaera
gertaldi,guertaldia
gertatu,guertatu
gertatu,guertatú
gertatu,guertatua
gertu,guertú
gertuera,guertuera
gesal,guesalá
geun,gueuna
geza,gueza
geza,guezá
gezatu,guezatu
gezur,guezurra
gezurtatu,guezurtatu
gezurti,guezurtia
gibel,guibelá
gibelatu,guibelatu
gibeleratu,guibeleratu
gizen,guicena
gizen,guicená
gizendu,guicendu
gizendu,guicendua
gizentasun,guicentasuna
gida,guida
gidari,guidaria
gidatu,guidatu
gidatu,guidatua
gider,guiderra
giltza,guiltza
giltza,guiltzá
giltzurrun,guiltzurruna
ginbalet,guimbaleta
ginga,guingá
giristino,guiristiñoa
girlanda,guirlandá
giro,guiroa
giro,guiroá
girotu,guirotu
girotu,guirotua
gisa,guisá
gisatu,guisatua
gizatxar,guizacharra
gizadi,guizadia
gizon,guizona
gizondu,guizondu
gizondu,guizondua
gupida,gupida
gupidetsi,gupidetsi
gupidetsi,gupidetsia
gur egin,gur eguin
gura,gura
gura,gurá
guraize,guraiceac
gurari,guraria
guraso,gurasoa
guraso,gurasoac
gurdi,gurdia
gurdibide,gurdibidea
gureganatu,gureganatu
gurendu,gurendu
gurgarri,gurgarria
guri,guria
gurpil,gurpilla
gurtu,gurtu
gurtu,gurtua
gutizia,guticia
gutiziatu,guticiatu
gutiziatu,guticiatua
gutitu,gutitu
gutitu,gutitua
habe,habea
hagun,haguna
hara,hará
harmonia,harmonia
hartz,hartz
hatu,hatu
hatz,hatza
haztatu,haztatu
hebain,hebaina
hede,hedea
hein,heiña
herentzia,herencia
higatu,higatu
hil,hil
hil,hilá
hildura,hildura
hildura,hildurá
hilduratu,hilduratu
hil,hillá
hiltze,hiltzea
hiru,hiru
hirurteko,hirurtecoa
hitz,hitza
hitz,hitzac
hitzaldi,hitzaldia
hitzaurre,hitzaurrea
hitzontzi,hitzontzi
hitzontzi,hitzontzia
hitzontzikeria,hitzontziqueria
hizkuntza,hizcuntza
hizketa,hizqueta
hizketatu,hizquetatu
hiztegi,hizteguia
hiztun,hiztuna
hoben,hobena
horma,horma
hunkitu,hunquitú
hurren,hurren
ibar,ibarrá
ibi,ibi
ibilera,ibillera
ibili,ibilli
ibili,ibillia
ibilketa,ibilqueta
ibiltari,ibiltaria
ikara,icara
ikarati,icaratia
ikaratu,icaratu
ikaratu,icaratú
ikaratu,icaratua
ikasi,icasi
ikasi,icasia
ikasle,icáslea
ikasle,icasleac
ikatz,icatza
ikazkin,icazquiña
ikaztegi,icazteguia
izeba,iceba
izeko,icecoa
izen,icena
izen,icená
izendatu,icendatu
izendatu,icendatua
izendatzaile,icendatzallea
izengoiti,icengoitia
izenkide,icenquidea
izeki,icequi
izeki,icequia
izerkari,icercaria
izerdi,icerdia
izerditu,icerditu
itxi,ichi
itxi,ichia
itxiera,ichiera
itxura,ichura
itxura,ichurá
itxurako,ichuracoa
izialdura,icialdura
ikuskari,icuscari
ikuskari,icuscaria
ikusezin,icuseciña
ikusgarri,icusgarria
ikusi,icusi
ikusi,icusia
ikusle,icuslea
ikuskera,icusquera
ikustaldi,icustaldia
ikustatu,icustatu
ikustatu,icustatua
ikuzgarri,icuzgarria
ikuzi,icuzi
ikuzi,icuzia
ikuzketa,icuzqueta
ideki,idequi
idi,idia
idisko,idiscoa
idoki,idoqui
idor,idor
idoro,idoro
idoro,idoroa
idor,idorra
idor,idorrá
idortasun,idortasuna
idortu,idortu
idortu,idortua
idoi,idoya
idun,iduna
iduritu,iduritu
igande,igandea
igande,igándea
igaraba,igarabá
igo,igo
igo,igoa
igoera,igoera
igoera,igoéra
igorri,igorri
iguana,iguana
igel,iguela
igerri,iguerri
igerri,iguerria
igitai,iguitaya
iguriki,iguriqui
ihakin,ihaquin
ihakin,ihaquina
ihardetsi,ihardetsi
ihardetsi,ihardetsia
ihardun,ihardun
iharduki,iharduqui
ilar,ilarra
ilberri,ilberria
ilbete,ilbetea
ildaskatu,ildascatu
ilgora,ilgorá
ilinti,ilintia
ilargi,illarguia
ilar,illarra
ilaun,illauna
ilaun,illaunac
ilaundu,illaundu
ile,ille
ile,illea
ile,illeá
ile,illeac
ilegorri,illegorria
iletsu,illetsua
iloba,illoba
ilun,illuna
ilun,illuná
ilundu,illundu
ilundu,illundú
ilundu,illundua
iluntasun,illuntasuna
iluntze,illuntzea
ilki,ilqui
ilki,ilquia
iltzatu,iltzatu
iltzatu,iltzatua
iltze,iltze
iltze,iltzé
ilun,iluna
iltze,ilzea
imitagarri,imitagarria
imitatu,imitatu
imitatzaile,imitatzallea
inar,inarra
inaurkin,iñaurquina
intziri,inciria
indargarri,indargarria
indargetu,indarguetu
indartsu,indartsua
indartu,indartu
indartu,indartua
indiar,indiarra
inguma,inguma
inguratu,inguratu
inguru,ingurua
inguru,inguruá
inguru,inguruac
ingurutu,ingurutu
ingurutu,ingurutua
intentzio,intencioa
interes,interesa
interprete,interprete
inude,iñudea
ipar,iparra
ipini,ipiñi
ipuin,ipuiña
ipuru,ipurua
ira,ira
ira,irá
irabazi,irabaci
irabazi,irabacia
irabazle,irabazlea
irabiatu,irabiatu
irabiatu,irabiatua
irakasle,iracaslea
irazeki,iracequi
irazeki,iracequia
irazi,iraci
irakurgarri,iracurgarria
irakurri,iracurri
iragazi,iragaci
iragazi,iragacia
iragan,iragan
iragankor,iragancorra
iragarri,iragarri
iragarri,iragarria
irain,iraina
irain,irainá
iraindu,iraindu
iraindu,iraindua
iraingarri,iraingarria
iraintsu,iraintsua
irakin,iraquin
irakin,iraquiña
irasagar,irasagarra
iratze,iratzea
irauli,irauli
irauli,iraulia
iraulketa,iraulqueta
iraun,iraun
iraun,irauná
iraunkor,irauncorra
iraungi,iraungui
iraungi,iraunguia
iraupen,iraupena
irazki,irazcya
irazki,irazquia
ireki,irequi
iretsi,iretsi
iretsi,iretsia
iritxi,irichi
iritxi,irichia
irin,irin
irin,irina
irin,iriña
iritzi,iritzi
iritzi,iritzia
irozkai,irozcaya
irozgarri,irozgarria
irozgarri,irozgarriac
irri,irria
irrigarri,irrigarria
irrintzi,irrincia
irrista,irrista
irristatu,irristatu
irrits,irritsá
irrizkin,irrizquina
irteera,irteera
irten,irten
irten,irtena
irudi,irudi
irudi,irudia
irudi,irudiá
irudikor,irudicorra
irudipen,irudipena
iruditu,iruditu
irule,irulea
irun,iruña
iruntzi,iruncia
isats,isats
isats,isatsa
isats,isatsá
isats,isatsac
iskanbila,iscambilla
iseka,iseca
iseka,isecá
iseka egin,iseca eguin
isekari,isecaria
isekatu,isecatu
isekatu,isecatua
isilkor,isilcorra
isildu,isildu
isildu,isildua
isiltasun,isiltasuna
ispilu,ispillua
istinga,istingá
isurkari,isurcaria
isuri,isuri
isuri,isuria
isurle,isurlea
isurtegi,isurteguia
ito,itó
ito,itoá
ito,itóa
itogarri,itogarria
itsasbide,itsasbidea
itsaskor,itsascorra
itsasgarri,itsasgarria
itsasi,itsasi
itsaslapur,itsaslapurra
itsaso,itsasoa
itsasorratz,itsasorratza
itsaspen,itsaspena
itsaski,itsasquia
itsastar,itsastarra
itsatsi,itsatsi
itsatsi,itsatsia
itsu,itsuá
itsumutil,itsumutila
itsumutil,itsumutilla
itsusi,itsusia
itsusitu,itsusitu
itsusitu,itsusitua
itsustasun,itsustasuna
itsustu,itsustu
itsutasun,itsutasuna
itsutu,itsutú
itsutu,itsutua
itu,ituá
itzal,itzala
itzali,itzali
itzali,itzalia
itzatu,itzatu
itzuli,itzuli
itzuli,itzulia
itzungi,itzungui
itzuri,itzuri
itzuri,itzuria
izain,izaina
izan,izan
izan,izana
izar,izar
izartxo,izarchoa
izar,izarra
izartu,izartua
izate,izatea
izkribatu,izcribatu
izkribatu,izcribatua
izotz,izotza
izozte,izoztea
izoztu,izoztu
izpi,izpia
izkina,izquiña
izu,izua
izualdi,izualdi
izukari,izucaria
izukor,izucorra
izugarri,izugarria
izur,izurra
izurrite,izurritea
izurritu,izurritu
izurritu,izurritua
izurtu,izurtu
izurtu,izurtua
izutu,izutu
izutu,izutú
izutu,izutua
izutu,izutuá
jabalaldi,jabalaldia
jabari,jabaria
jabari,jabariá
jabe,jabea
jabetasun,jabetasuna
jabetu,jabetu
jabetu,jabetú
jaka,jacá
jaiegun,jaieguna
jaiera,jaiera
jainkotiar,jaincotiarra
jale,jalea
jalki,jalqui
jan,jana
jan,janá
janaldi,janaldia
janari,janaria
janaritu,janaritu
janaritu,janaritua
jantzi,janci
jantzi,jancia
jantzi,janciá
jaki,jaquia
jakin,jaquiña
jakinbide,jaquinbidea
jakingarri,jaquingarria
jakintsu,jaquintsua
jakintza,jaquintza
jakite,jaquitea
jaramon,jaramon
jardun,jardun
jario,jario
jario,jarioa
jarleku,jarlecua
jarki,jarquia
jarrai,jarrai
jarraigo,jarraigoa
jarraiki,jarraiqui
jarraitu,jarraitu
jarraitu,jarraitua
jarraitzaile,jarraitzallea
jarrai,jarrayac
jarri,jarri
jarri,jarria
jasa,jasá
jaso,jaso
jaso,jasó
jaso,jasoa
jaso,jasoá
jasotzaile,jasotzallea
jatorri,jatorri
jatorri,jatorria
jatorrizko,jatorrizcoa
jauzi,jauci
jaun,jauna
jauntxo,jaunchoa
jaundu,jaundu
jauregi,jaureguia
jauskera,jausquera
jautsi,jautsi
jauzkor,jauzcorra
jai,jaya
jaiera,jayera
jaiera,jayerá
jaio,jayo
jaio,jayoa
jaiotza,jayotza
jazarri,jazarri
jazo,jazo
jo,jo
jo,joa
joan,joan
jokaera,jocaera
jokalari,jocalaria
jokaldi,jocaldia
jokatu,jocatu
jokatu,jocatua
joko,jocoa
jolas,jolasa
jolastu,jolastu
jolastu,jolastua
jomuga,jomugá
jorra,jorra
jorratu,jorratu
jorratu,jorratua
jorratzaile,jorratzallea
jorrai,jorraya
josi,josi
josi,josia
josle,joslea
josketa,josqueta
joskin,josquiña
jostailu,jostallua
jostatu,jostatu
jostatu,jostatua
jostun,jostuná
jostura,jostura
jotzaile,jotzallea
jotze,jotzea
junta,junta
justizia,justicia
labain,labaiña
labainkor,labaincorra
labaindu,labaindu
labaindu,labaindua
labainketa,labainqueta
labana,labana
labana,labaña
laberatu,laberatu
laberatu,laberatua
laburgarri,laburgarria
laburketa,laburqueta
laburtasun,laburtasuna
laburtu,laburtu
laburtu,laburtua
laka,lacá
lakari,lacaria
lakatu,lacatu
lakatz,lacatza
lazeria,laceria
ladino,ladino
lagun egin,lagun eguin
lagun,laguna
lagundu,lagundu
lagundu,lagundua
laguntza,laguntza
laguntzaile,laguntzallea
laido,laidoa
laido,laidoá
laidotsu,laidotsua
laidotu,laidotu
laidotu,laidotua
lanbro,lambroa
lanpara,lampara
lanperna,lamperna
lan,lan
lan,laná
lanabes,lanabesa
lanabes,lanabesac
lan,lanac
lanaldi,lanaldia
landa,landa
landare,landarea
landertu,landertú
landertu,landertua
landu,landu
landu,landú
landu,landua
landu,landuá
langa,langá
langile,languillea
langilezain,languillezaina
lantegi,lanteguia
lantu,lantuá
lantzaile,lantzallea
lantza,lanza
lantzari,lanzaria
lapa,lapa
lapa,lapá
lap,lapac
lapiko,lapicoa
lapur,lapurra
lapurreria,lapurreria
lapurreta,lapurreta
laket izan,laquet izan
lakio,laquioa
largatu,largatu
largatu,largatua
larre,larrea
larreratu,larreratu
larri,larria
larri,larriá
larriagotu,larriagotu
larritu,larritu
larritu,larritua
larru,larru
larru,larrua
larru,larruac
larrutx,larrucha
larrutu,larrutu
larrutu,larrutua
larunbat,larumbata
lasai,lasai
lasai,lasaia
lasaigarri,lasaigarri
lasaitasun,lasaitasuna
lasaitu,lasaitu
lasaitu,lasaitua
lasai,lasaya
lastategi,lastateguia
lastatu,lastatu
lastatu,lastatua
laster,laster
laster,lastér
laster egin,laster eguin
laster egin,laster eguiña
lasterka,lasterca
lasterkari,lastercaria
lasterkatu,lastercatua
laster,lasterra
laster,lasterrá
lastertasun,lastertasuna
lastima,lastima
lasto,lastoa
lats,latsá
latz,latza
latz,latzá
lau,lau
laudagarri,laudagarria
laudatu,laudatu
laudorio,laudorioa
laudun,lauduna
lauki,lauquia
laurden,laurdena
laurdendu,laurdendu
laurdendu,laurdendua
laurogei,lauroguei
lausengari,lausengaria
lausengatu,lausengatu
lausengatu,lausengatua
lausengatzaile,lausengatzallea
lauso,lausoa
lautu,lautú
lautu,lautua
lautu,lautuá
labar,lavar
laiari,layaria
lazkeria,lazqueria
laztan,laztana
laztandu,laztandu
laztandu,laztandua
laztasun,laztasuna
laztu,laztu
laztu,laztua
leka,lecá
leku,lecua
lekuko,lecucoa
lekukotasun,lecucotasuna
legamia,legamia
legar,legarra
legatz,legatz
legatz,legatza
lege,legueac
legen,leguena
legen,leguená
legenar,leguenarra
leize,leicea
leinu,leinua
leinu,leiñua
lela,lela
lela,lelá
lema,lema
lemari,lemaria
lemazain,lemazaina
lepo,lepo
lepo,lepoa
lepo,lepoá
lerden,lerdená
lerratu,lerratu
lerro,lerroa
lerro,lerroá
lerrotu,lerrotu
letagin,letaguina
letradun,letraduna
leun,leuna
leundu,leundu
leundu,leundú
leundu,leundua
lei,leya
lei,leyá
leialtasun,leyaltasuna
libra,libra
libratu,libratu
libratzaile,libratzallea
liburutegi,liburuteguia
lika,licá
likatsu,licatsua
likatu,licatua
lizentzia,licencia
lili,liliac
lilipa,lilipa
lilura,lillura
linburtu,limburtu
limoi,limoi
limonada,limonada
limosna,limosná
limuri,limuria
limurtu,limurtu
lipar,liparra
likiskeria,liquisqueria
likistu,liquistu
likistu,liquistua
likits,liquits
likits,liquitsa
lirain,liraiña
liraintasun,liraintasuna
liskar,liscarra
liskar,liscarrá
liskartu,liscartu
liskartu,liscartua
lista,lista
lista,listá
listari,listaria
listatu,listatua
lizar,lizarrá
lizun,lizuna
lizundu,lizundu
lizundu,lizundua
ile,llea
lo,lo
lo,loa
loakartu,loacartu
loakartu,loacartú
loakartu,loacartua
lokabe,locabea
lokarri,locarria
lokarri,locarriac
lokartu,locartu
lokatza,locatza
lokaztu,locaztu
lokaztu,locaztua
lodi,lodi
lodi,lodia
loditasun,loditasuna
loditu,loditu
loditu,loditua
logale,logalea
logale,logaleac
logaletu,logaletu
logaletu,logaletua
logura,logura
logur,logurac
lor,lorá
loratu,loratu
lore,lorea
loredun,loreduna
loretu,loretu
loretu,loretua
loreztatu,loreztatu
loria,loria
loro,loro
loro,loroa
lor,lorrá
loti,lotia
lotsa,lotsa
lotsa,lotsá
lotsakor,lotsacorra
lotsagarri,lotsagarria
lotsati,lotsatia
lotsatu,lotsatu
lotsatu,lotsatua
lotu,lotu
lotu,lotua
lotu,lotuá
lotura,lotura
lotura,loturá
lotur,loturac
lozorro,lozorroa
lozorro,lozorroá
lubaki,lubaquia
lubeta,lubeta
luze,lucea
luzetasun,lucetasuna
luzetu,lucetu
luzetu,lucetuá
lukurari,lucuraria
lugorri,lugorria
luma,luma
lumadi,lumadia
lupetza,lupetza
lupu,lupua
lurperatu,lurperatu
lurreratu,lurreratu
lurreratu,lurreratú
lurreratu,lurreratua
lurreratu,lurreratuá
lurreratze,lurreratzea
lurrikara,lurricara
lurrin,lurrina
lurrindu,lurrindu
lurrindu,lurrindua
lurrun,lurruna
lurtar,lurtarra
luzagarri,luzagarria
luzatu,luzatu
luzatu,luzatua
luzoker,luzoquerrá
makaldu,macaldú
makaldu,macaldua
makar,macarra
makartsu,macartsua
makatz,macatza
makur,macur
makur,macurra
makur,macurrá
makurrera,macurrera
makurtu,macurtu
makurtu,macurtú
makurtu,macurtua
madari,madaria
madarikazio,madaricacioa
madarikatu,madaricatu
madarikatu,madaricatua
mafrundi,mafrundia
magal,magalac
magurio,magurioa
maina,maina
mainatu,maiñatua
maindire,maindirea
maingutu,maingutu
maisu,maisua
maitagarri,maitagarria
maitati,maitatia
maitatu,maitatu
maitatu,maitatú
maitatu,maitatua
maitatzaile,maitatzallea
maite izan,maite izan
maite,maitea
maizter,maizterrá
maiztu,maiztu
maiztu,maiztua
malko,malcoa
maleta,maleta
maleta,maletá
malgu,malgua
malgutasun,malgutasuna
mailatu,mallatu
mailatu,mallatua
mailu,mallua
mailukada,mallucada
mailukatu,mallucatu
mailuki,malluquia
maltzur,maltzurra
malba,malva
mami,mamia
mami,mamiá
mamitsu,mamitsua
mamu,mamua
manaiatu,manaiatu
manatu,manatu
mantxa,mancha
mandar,mandar
mandatari,mandataria
mandatu,mandatua
mandazain,mandazaina
mando,mandoa
maneatu,maneatu
maneatu,maneatú
maneatu,maneatua
maneatzaile,maneatzallea
maneatzaile,maneatzalleá
manera,manera
mango,mango
mantal,mantala
mantar,mantarrá
manu,manua
manuko,manucoa
makila,maquila
makila,maquilla
makilada,maquillada
makilatu,maquillatu
makilatu,maquillatua
maratila,maratilla
marka,marca
mark,marcac
markatu,marcatu
markatu,marcatua
markatzaile,marcatzallea
margo,margo
margo,margoa
margo,margoá
margotu,margotu
marinel,mariñela
mariskal,mariscala
marmol,marmola
marra,marrá
marr,marrac
marranta,marrantá
marrantatu,marrantatu
marratu,marratu
marratu,marratú
marratu,marratua
marrega,marrega
marro,marroa
marrubi,marrubia
marruma,marruma
marruskatu,marruscatu
masail,masalla
masaileko,masallecoa
maskal,mascala
maskor,mascorra
maskuri,mascuria
maskelu,masquelua
mast,mastac
mastrikatu,mastricatu
mastrikatu,mastricatua
masusta,masusta
mataza,mataza
matazatu,matazatua
matela,matela
materia,materia
matrailezur,matraillezurra
matrail,matralla
matraileko,matrallecoa
matrailezur,matrallezurra
matutia,matutia
mau,mau
mau,mauac
maia,maya
mea,mea
mea,meá
meatzari,meatzaria
meatze,meatzea
metxa,mecha
medaila,medalla
memoria,memoria
menpe,mempea
menpeko,mempecoa
menperatu,memperatu
menpetu,mempetu
menpetu,mempetua
men,mena
mende,mendea
mendekari,mendecaria
mendekati,mendecatia
mendekatzaile,mendecatzallea
mendeko,mendecoa
mendeku,mendecua
menderatu,menderatu
mendi,mendia
mendiratu,mendiratú
mendiratu,mendiratua
menditar,menditarra
menditsu,menditsua
mendratu,mendratu
mendre,mendrea
meneko,menecoa
meneratu,meneratu
meneratu,meneratua
menpeko,menpecoa
mentu,mentuá
mentura,mentura
menturatu,menturatu
menturatu,menturatua
merkatalgo,mercatalgoa
merkatari,mercataria
merezi,mereci
merezi,merecia
merezimendu,merecimendua
merketu,merquetú
metatu,metatua
metatzaile,metatzallea
meza,mezá
mezprezatu,mezprezatu
mezu,mezuá
mezulari,mezularia
mi,mi
mi,mia
mihi,mihia
mina,mina
mina,miña
mina,miñá
mindu,mindu
mindu,mindú
mindu,mindua
mindu,minduá
mineral,mineral
mingarri,mingarria
mingrana,mingrana
ministerio,ministerio
ministro,ministroa
mintz,mintza
mintzatu,mintzatu
mintzo,mintzo
mintzo,mintzó
mintzo,mintzoa
mira,mirá
mirabe,mirabea
miragarri,miragarria
mirail,mirallá
mirari,miraria
mirarigile,mirariguillea
miraritsu,miraritsua
miresgarri,miresgarria
miresle,mireslea
miretsi,miretsi
miretsi,miretsia
mirotz,mirotza
mirra,mirra
miru,miruá
miserable,miserable
miseria,miseria
misio,missioa
misto,mistoa
mizke,mizquea
motxaile,mochallea
motxila,mochilla
mokokada,mococada
mokodun,mocoduna
mokordo,mocordoa
mokor,mocorra
moderatu,moderatu
moderatu,moderatua
moderatzaile,moderatzallea
moderno,modernoa
mol,molá
moldakaitz,moldacaitza
moldaera,moldaera
moldatu,moldatu
moldatu,moldatua
moldatzaile,moldatzallea
molde,moldea
moldeatu,moldeatu
moldiztegi,moldizteguia
moldura,moldura
montera,montera
mordo,mordoa
more,morea
moretu,moretua
morrontza,morrontza
morroi,morroya
mortu,mortuá
moskete,mosquetea
mota,motá
motel,motel
motel,motela
motibo,motivo
motrailu,motraillua
motz,motza
mozkor,mozcorra
mozorka,mozorca
mozorrotu,mozorrotua
moztu,moztu
muzindu,mucindu
muzindu,mucindua
mukuru,mucuru
mukuru,mucurua
mukurutu,mucurutu
muga,muga
muga,mugá
mug,mugac
mugako,mugacoa
mugape,mugapea
mugakide,mugaquidea
mugarri,mugarria
mugarri,mugarriac
mugarritu,mugarritu
mugatu,mugatu
mugatu,mugatua
mugida,muguida
mugitu,muguitu
mundu,mundua
muker,muquer
muker,muquerra
mukitsu,muquitsua
murgil,murguil
murgildu,murguildu
murgildu,murguildua
murgil,murguilla
murritu,murritu
murritu,murritua
murriztu,murriztu
murriztu,murriztú
murru,murrua
murru,múrruac
murrutu,murrutu
murrutu,murrutua
musika,musica
musikatu,musicatu
musker,musquerra
muskildu,musquildu
muskildu,musquildua
muskil,musquilla
musukatu,musucatu
mutildu,mutildu
mutildu,mutildua
mutil,mutilla
mutiritasun,mutiritasuna
mutur,muturra
muturreko,muturrecoa
mututu,mututu
muxika,muxica
nakaitz,nacaitza
nagi,nagui
nagi,naguí
nagi,naguia
nagikeria,naguiqueria
nagitasun,naguitasuna
nagitu,naguitu
nagitu,naguitua
nagusi,nagusia
nagusitu,nagusitu
nahasi,nahasi
nahasi,nahassi
nano,nanoa
nardagarri,nardagarria
nardatu,nardatú
narotasun,narotasuna
narriatu,narriatu
narriatu,narriatua
narrio,narrioac
nasai,nasai
nasaitasun,nasaitasuna
natu,natua
nabar,navarra
nabar,navarrá
nabartu,navartua
nazka,nazca
nazka,nazcá
nazkagarri,nazcagarria
nazkatu,nazcatu
nazkatu,nazcatú
nazkatu,nazcatua
nekagarri,necagarria
nekaldi,necaldia
nekatu,necatu
nekatu,necatua
nekazari,necazaria
nekosta,necostá
negargarri,negargarria
negar,negarra
negarti,negartia
negartsu,negartsua
negartu,negartua
negu,negua
negutu,negutu
neke,nequea
neke,nequeá
nekez,nequez
nekez,nequeza
nerabe,nerabea
nereganatu,nereganatu
neska,nescá
neskatxa,nescachá
neskame,nescamea
neskatila,nescatilla
neskato,nescatoa
neureganatu,neureganatu
neurri,neurria
neurtu,neurtu
neurtu,neurtua
niganatu,niganatu
niganatu,niganatua
no,no
noble,noble
noble,noblea
noblezia,noblecia
noria,noria
notario,notarioa
obatu,obatu
obatu,obatua
obedientzia,obediencia
obeditu,obeditu
obeditu,obeditua
obligatu,obligatu
obr,obrac
obratu,obratu
oka,ocá
okaran,ocarana
ozendu,ocendu
odol,odola
odoldu,odoldu
odoleztatu,odoleztatuac
odolgiro,odolguiroa
odolki,odolquia
odolti,odoltia
odoltsu,odoltsua
odolustu,odolustu
ofenditu,ofenditu
ofenditu,ofenditua
ofizio,oficio
ohoin,ohoina
ohoin,ohoiña
ohoinkeria,ohoinqueria
ohondikatu,ohondicatu
ohoragarri,ohoragarria
ohoratu,ohoratu
ohoratu,ohoratua
oin,oiñ
oin,oiña
oinarritu,oiñarritua
oinkada,oincada
oinkatu,oincatua
oinezko,oiñezcoa
ola,ola
ola,olá
olagizon,olaguizona
olata,olatá
oldartu,oldartu
olde,oldea
oles,oles
oliadura,oliadura
oliatu,oliatu
oliatu,oliatua
olio,olio
olio,olioa
oliontzi,olioncia
oliba,oliva
olibadi,olivadia
oilartu,ollartua
oilategi,ollateguia
oilaur,ollaura
oilo,olloa
olo,oloa
omen,omena
omendu,omendu
omendu,omendua
on egin,on eguin
on,oña
ontzi,oncia
ontzidi,oncidia
ontziratu,onciratu
ontziratu,onciratua
ondamu,ondamua
ondasun,ondasunac
ondasundun,ondasunduna
ondiko,ondicoa
ondo,ondo
ondo,ondó
ondo,ondoa
ondo,ondoá
ondoko,ondocoa
ondoko,ondocoac
ondore,ondore
ondore,ondorea
ondoreko,ondorecoa
ondoren,ondorena
ondorengo,ondorengoa
ondorengo,ondorengoac
ondu,ondu
ondu,ondú
ondu,ondua
ondu,onduá
onetsi,onetsi
onetsi,onetsia
ongi,ongui
ongi,onguí
ongile,onguillea
oniritzi,oniritzi
oniritzi,oniritzia
ontasun,ontasuna
ontza,ontzá
ontzaile,ontzallea
ontzi,ontzi
ontzi,ontzia
opari,oparia
opatu,opatu
opatu,opatua
opil,opilla
opil,opillá
okela,oquela
oker,oquer
oker,oquer
oker,oquér
oker,oquerra
okertasun,oquertasuna
okertu,oquertu
okertu,oquertua
okil,oquila
okil,oquilla
okintza,oquintzá
or,or
or,ora
or,orá
orain,orain
orain,oraiñ
oraingo,oraingoa
orantza,oranza
oratu,oratu
oratu,oratú
oratu,oratuá
oratzaile,oratzallea
orbel,orbela
orbel,orbelá
ortzi,orciá
ordain,ordaiña
ordaindu,ordaindu
ordaindu,ordaindua
ordea,ordea
ordetu,ordetú
ordetu,ordetua
ordeztu,ordeztu
ordeztu,ordeztua
ordots,ordotsa
orduan,orduán
oren,oreña
orga,orga
orgabide,orgabidea
organista,organista
organo,organoa
oritu,oritu
oritu,oritua
oroipen,oroipena
oroitu,oroitu
oroitu,oroitua
oroitza,oroitza
orpo,orpoa
orratz,orratza
orri,orri
orri,orria
orro,orro
orro,orroa
ortu,ortu
ortu,ortua
osaba,osabá
osaera,osaera
osagarri,osagarria
osagarri,osagarrìa
osagile,osaguillea
osasun,osasuna
osasungarri,osasungarria
osatu,osatu
osatu,osatú
osatu,osatua
osin,osiná
osin,osiña
oso,osoa
ospatu,ospatu
ospatu,ospatua
ospe,ospea
ospel,ospela
ospetsu,ospetsua
ospil,ospillá
ostalari,ostalaria
ostatatu,ostatatua
ostatu,ostatua
ostegun,osteguna
ostera,ostera
ostia,ostia
ostikada,osticada
ostikatu,osticatu
ostikatu,osticatua
ostiko,osticoa
ostiral,ostirala
ostots,ostotsa
ostu,ostua
otadi,otadia
otamen,otamena
otar,otarra
otarrain,otarraina
otarregile,otarreguillea
ote,otea
otoitz,otoitza
otoitz,otoitzac
otoiztu,otoiztu
otsokume,otsocumea
oturuntza,oturunza
otzan,otzana
otzan,otzaná
oi,oyac
ozpindu,ozpindu
ozpindu,ozpindú
ozpindu,ozpindua
pa,pa
pazientzia,paciencia
pagatu,pagatu
pagatu,pagatua
pagatzaile,pagatzallea
pagauso,pagausoa
pago,pagoa
pairakor,pairacorra
pairagarri,pairagarria
pairamen,pairamena
pairatu,pairatu
palada,paladá
palari,palaria
paleta,paleta
palma,palma
papur,papurra
papurtu,papurtu
parabola,parabola
parada,parada
paradisu,paradisua
paratu,paratu
paratu,paratú
paratu,paratua
parte,parte
parte,partea
parte,parteac
partikular,particular
partida,partida
partitu,partitu
partitzaile,partitzallea
pasaera,pasaera
pasaporte,pasaportea
pasatu,pasatua
pase,pasea
pasealeku,pasealecua
paseatu,paseatu
pasagarri,passagarria
pasatu,passatu
patena,patena
patruila,patrulla
patruilatu,patrullatu
pausa,pausa
pausatu,pausatu
pausatu,pausatua
pausu,pausua
pekatu,pecatu
petxa,pecha
pegar,pegar
pegar,pegarra
pelikano,pelicanoa
pena,pena
penatu,penatua
pendiz,pendiza
perdigoi,perdigoya
pergamino,pergamino
peril,perillá
perla,perla
permatu,permatua
perrexil,perrexilla
pertsekuzio,persecucioa
pertsegitu,perseguitu
pertsegitu,perseguitua
pertsiana,persiana
pertsona,persona
pertz,pertza
pertzada,pertzada
petardo,petardoa
pikart,picartá
pikatu,picatu
pikatzaile,picatzallea
pitxer,picherra
piko,pico
piko,picoa
pikorta,picorta
pikota,picota
pila,pilla
pila,pillá
pil,pillac
pilatu,pillatu
pilatu,pillatua
pilatzaile,pillatzalle
pilatzaile,pillatzallea
pilota,pillota
pilotari,pillotaria
pintzel,pincela
pinta,pinta
pintatu,pintatu
pintatu,pintatua
pintore,pintorea
pintura,pintura
pinu,pinua
piper,piper
pipermin,pipermiña
pipi,pipia
pisatu,pisatu
pisatu,pisatua
pisto,pisto
pistola,pistola
pisu,pisua
pisutasun,pisutasuna
pisutu,pisutu
pisutu,pisutua
pitzatu,pitzatu
pitzatu,pitzatua
pizkortu,pizcortu
pizkortu,pizcortua
piztia,piztia
piztu,piztu
piztu,piztua
plazer,placera
plantxa,plancha
plantxatu,planchatu
plantxatu,planchatua
platano,platanoa
plater,platera
platina,platiña
plaza,plaza
pobre,pobre
pobretu,pobretu
pobretu,pobretua
polaina,polaina
polit,polita
polit,politá
politasun,politasuna
ponpa,pompa
pontxe,ponchea
poker,poquerra
porrokatu,porrocatu
porru,porrua
portu,portua
pospolin,pospoliná
postura,postura
pot,pota
poto,potoa
poz,poza
poz,pozá
poz,pozâ
pozoindu,pozoindu
pozoitsu,pozoitsua
pozoitu,pozoitu
pozoitu,pozoitua
pozoi,pozoya
pozkida,pozquida
pozkida,pozquidá
poztu,poztu
poztu,poztú
poztu,poztua
prak,pracac
praktikante,practicante
prezio,precio
prezio,precioa
predikari,predicaria
predikatu,predicatu
prediku,predicua
pregoi,pregoiá
pregoilari,pregoilaria
pregoi,pregoya
premia,premia
premiatu,premiatú
premiatu,premiatua
premiazko,premiazco
premiazko,premiazcoa
prenda,prenda
prentsa,prensa
prentsa,prensá
prentsatu,prensatu
prentsatu,prensatua
presa,presá
presentzia,presencia
preso,presoac
presondegi,presondeguia
prestaera,prestaera
prestamen,prestamena
prestatu,prestatu
prestatu,prestatú
prestatu,prestatua
prestatzaile,prestatzallea
prebenitu,prevenitu
prezatu,prezatua
prisa,prissa
proba,proba
profesio,profesioa
profeta,profeta
progu,progua
promes,promesa
promes,promessa
promestu,promestu
probetxatu,provechatu
probetxatu,provechatua
probetxu,provechua
publikatu,publicatu
pulpitu,pulpitua
pulunpatu,pulumpatu
puntada,puntada
punteria,punteria
puntu,puntuac
purga,purga
purgatu,purgatu
purgatu,purgatua
puska,pusca
puska,puscá
pusk,puscac
puskatu,puscatu
puskatu,puscatua
puta,puta
putakume,putacumea
putz egin,putz eguin
putz,putza
putzontzi,putzontzia
putzu,putzua
puztu,puztu
puztu,puztua
kartoi,quartoya
ke,que
ke,quea
kealdi,quealdia
kedar,quedar
kedar,quedarra
kedar,quedarrac
keinatu,queinatu
keinatu,queinatú
keinatu,queinatua
keinatu,queinatuá
kemen,quemena
kemendu,quemendu
kemendu,quemendua
kendu,quendu
kendu,quendú
kendu,quendua
kentzaile,quentzallea
ketsu,quetsua
kezka,quezcá
kide,quidea
kiebra,quiebra
kili,quiliá
kilika,quilicá
kilikatu,quilicatu
kimatu,quimatu
kintal,quintalá
kirastu,quirastua
kirats,quirats
kirats,quiratsa
kirrika,quirrica
kirten,quirtena
kirten,quirtenac
kiskaldu,quiscaldu
kiskaldu,quiscaldua
kisketa,quisqueta
kitatu,quitatu
kitatu,quitatua
kixote,quixotea
kizkur,quizcurra
kizkur,quizcurrac
kizkurtu,quizcurtu
kizkurtu,quizcurtua
koke,quoquea
sabai,sabai
sabel,sabelá
sabelaldi,sabelaldia
sabeldarraio,sabeldarrayoa
sabelki,sabelquia
sabi,sabia
saka,saca
sakatu,sacatua
sakramentu,sacramentua
sakrifizio,sacrificioa
sakrilego,sacrilegoa
sakristia,sacristia
sagar,sagara
sagardo,sagardoa
sagardotegi,sagardoteguia
sagar,sagarra
sagarrondo,sagarrondoa
sagasti,sagastia
sagrario,sagrarioa
sala,sala
sala,salá
salaketa,salaqueta
salatu,salatu
salatu,salatú
salatu,salatua
salatzaile,salatzallea
salbia,salbia
saldo,saldoa
saldu,saldu
saldu,saldua
saletxe,salechea
salerosi,salerosi
salgarri,salgarria
salmenta,salmenta
saltsa,salsá
saltatu,saltatu
salto,saltoa
saltzaile,saltzallea
sama,sama
samin,samina
samin,samiña
samindu,samindu
samindu,samindua
samindu,saminduá
samindura,samindura
samintasun,samintasuna
samur,samurra
samur,samurrá
samurtasun,samurtasuna
samurtu,samurtu
samurtu,samurtú
samurtu,samurtua
sandalia,sandalia
sandalo,sandaloa
sandia,sandia
sangria,sangria
sakeatu,saqueatu
sarbide,sarbidea
sarkor,sarcorra
sare,sarea
sare,sareac
sarealdi,sarealdia
sargori,sargoria
sargoritu,sargoritu
sargoritu,sargoritua
sari,saria
sari,sariá
sari,sariac
sariztatu,sariztatu
sariztatu,sariztatua
sarleku,sarlecua
saroi,saroya
sarraila,sarrallá
sarrailagile,sarrallaguillea
sarrera,sarrera
sarri,sarri
sarri,sarria
sarritu,sarritu
sarritu,sarritua
sartalde,sartaldea
sartu,sartu
sartu,sartua
sasidi,sasidia
saski,sasquia
saskiratu,sasquiratu
saskiratu,sasquiratua
satai,sataya
satitsu,satitsua
sator,satorra
satsu,satsua
sai,saya
saiakera,sayaquera
saiatu,sayatu
saiatu,sayatua
sekular,secularra
sega,segá
segada,segada
segail,segailla
segail,segallá
segitu,seguitu
segurantza,segurantza
seguru,seguru
seguru,segurua
sehi,sehia
seindun,seinduna
seinkeria,seinqueria
seintzain,seinzaina
seilatu,sellatu
seme,semeá
seme,semeac
sen,sená
sen,seña
senar,senarra
senatu,senatu
senatu,señatu
senatu,senatua
senatu,señatua
sendagarri,sendagarria
sendagarri,sendagarriac
sendagai,sendagaya
sendatu,sendatu
sendo,sendoa
sendotu,sendotu
sendotu,sendotua
sentikor,senticorra
sentiera,sentiera
sentitu,sentitua
sentsu,sentsuá
serafin,serafiña
serora,serora
serorategi,serorateguia
seta,setá
setati,setatia
sei,seyac
sikatu,sicatu
sikatu,sicatua
siku,sicua
sinple,simple
sinesbera,siñesberaá
single,singlea
sinistu,sinistu
sinistu,siñistu
sinistu,sinistua
sinistu,siñistua
sinu,siñuac
sits,sitsa
sits,sitsac
soberatu,soberatua
sobratu,sobratua
soka,soca
sokorritu,socorritu
sokorritu,socorritua
sodomita,sodomita
soildu,soildu
soildu,soildua
soil,soillá
soiltasun,soiltasuna
soin,soina
soin,soiña
solas,solasa
solas,solasá
soldata,soldatá
solo,soló
solo,soloa
solomo,solomoa
soma,somá
somatu,somatu
somatu,somatú
somatu,somatua
sor,sor
soraio,sorayoa
sorbeltz,sorbeltza
sorbete,sorbetea
sorgindu,sorguindu
sorginkeria,sorguinqueria
soro,soró
soro,soroa
sorki,sorquia
sor,sorra
sorrera,sorrera
sortalde,sortaldea
sorterri,sorterria
sortu,sortu
sortu,sortú
sortu,sortua
sortu,sortuá
sortze,sortzea
sos,sosá
sosegatu,sosegatu
sosegu,sosegua
sostengatu,sostengatu
sostengatu,sostengatua
sotana,sotana
sotarri,sotarria
sotil,sotil
soto,sotoa
su,sua
suabe,suabea
sukalde,sucaldea
sukardun,sucarduna
sukar,sucarra
sukar,sucarrá
sukartu,sucartu
sukartu,sucartú
sukartu,sucartua
sudur,sudura
suertatu,suertatu
suertatu,suertatú
suerte,suertea
sufre,sufrea
sufretsu,sufretsua
sufritu,sufritua
sugar,sugarrá
suge,suguea
sumatu,sumatu
sumin,sumina
sumin,sumiña
suminkor,sumincorra
sumindu,sumindu
sumindu,sumindú
sumindu,sumindua
sumindura,sumindura
sustraitu,sustraitu
sustraitu,sustraitú
sustraitu,sustraitua
sutegi,suteguia
sutsu,sutsua
sutu,sutu
sutu,sutua
tabako,tabaco
tabako,tabacoa
tabernari,tabernaria
tako,tacoa
tailu,taillua
talde,taldea
talde,taldeá
tailu,tallua
talo,taloa
tamarindo,tamarindoa
tantai,tantaya
tapizeria,tapiceria
tapitu,tapitu
tapitu,tapitua
tapiz,tapiza
tarantula,tarantula
tasatu,tasatua
tasa,tassa
te,té
te,tea
tekleatu,tecleatu
teila,tellá
teilatu,tellatua
teilatupe,tellatupea
tema,tema
tema,temá
tentazio,tentacioa
tentagarri,tentagarria
tentaldi,tentaldia
tentatu,tentatua
tentatzaile,tentatzallea
testamentu,testamentua
testigu,testigua
tinbalari,timbalaria
tinkatu,tincatu
tinkatu,tincatua
tintatu,tintatu
tintontzi,tintoncia
tipi,tipia
tipula,tipula
tira,tirá
tiragale,tiragaleac
tiratu,tiratua
titi,titia
titia kendu,titia quendu
toles,tolesa
toles,tolesá
tolesgarri,tolesgarria
tolestatu,tolestatu
tolestu,tolestu
tolestu,tolestua
tolet,toletá
tolet,toletac
tomo,tomoa
tontsura,tonsura
tonto,tonto
tonto,tontoa
tontor,tontorra
tontor,tontorrá
tontotu,tontotu
tontotu,tontotú
tontotu,tontotua
topatu,topatu
toki,toquia
toreatu,toreatu
toreatzaile,toreatzallea
tormentatu,tormentatu
tormentatu,tormentatua
tormentu,tormentua
tornulari,tornularia
traba,traba
trabailatu,trabaillatu
trabatu,trabatu
trabes,trabesa
trabuko,trabucoa
trafiko,trafico
traizio,traicioa
traidore,traidorea
tramoia,tramoya
tranpa,trampa
trantze,trancea
trataera,trataera
tratamendu,tratamendua
tratatu,tratatu
tratatu,tratatua
tratu,tratuá
tratulari,tratularia
traza,traza
trazatu,trazatua
trebatu,trebatu
trebatu,trebatú
trebatu,trebatua
trenkatu,trencatu
trenkatu,trencatua
trinkatu,trincatu
trinkatu,trincatua
trinkatu,trincatuá
trip,tripac
tripontzi,triponcia
tristatu,tristatu
tristatu,tristatua
tristetu,tristetu
tristetu,tristetua
trobalari,trobalaria
troglodita,troglodita
tronpetari,trompetaria
tropa,tropa
trukada,trucada
trukagarri,trucagarria
trukatu,trucatu
trukatu,trucatua
trufa,trufa
trufatu,trufatu
tu,tu
tu,tua
tu,tuá
tunbaga,tumbaga
tunika,tunica
turbante,turbantea
turroi,turroya
ubel,ubela
ubel,ubelá
ubeldu,ubeldu
ubeldu,ubeldua
ukabilkatu,ucabilcatu
ukabilkatu,ucabilcatua
ukatu,ucatu
ukatu,ucatua
uko,ucoa
ukondo,ucondoa
ukurtu,ucurtu
uda,udá
udaberri,udaberria
udaldi,udaldia
udare,udare
udare,udarea
ugari,ugari
ugari,ugaria
ugari,ugariá
ugaritasun,ugaritasuna
ugaritu,ugaritu
ugaritu,ugaritua
ugatz,ugatza
ugazaita,ugazaita
uger,uguerra
unagarri,unagarria
unatu,unatu
unatu,unatua
unai,unaya
untxi,unchia
upa,upa
upategi,upateguia
upel,upela
ukigarri,uquigarria
ukitu,uquitu
ukitu,uquitú
ukitzaile,uquitzallea
ur,ur
ur,ura
ur,urac
urazukre,urazucrea
urkatu,urcatú
urkatu,urcatuá
urdail,urdalla
urdandegi,urdandeguia
urdai,urdaya
urde,urde
urde,urdé
urde,urdea
urde,úrdea
urdin,urdiña
urdindu,urdindu
urdindu,urdindua
urdun,urduna
urdun,urduná
urduritu,urduritu
urduritu,urduritua
ureztatu,ureztatu
ureztatu,ureztatú
ureztatu,ureztatua
urin,uriña
urlia,urlia
urperatu,urperatu
urpetu,urpetu
urpetu,urpétua
ur,urrá
urratu,urratu
urratu,urratua
urratzaile,urratzallea
urre,urre
urregile,urreguillea
urreratu,urreratu
urreratu,urrératua
urreztatu,urreztatu
urreztatu,urreztatua
urri,urri
urri,urria
urrikalmendu,urricalmendua
urrin,urrina
urrintsu,urrintsua
urriki,urriqui
urriki,urriquia
urrikimendu,urriquimendua
urrikitu,urriquitu
urrikitu,urriquitua
urritasun,urritasuna
urritu,urritu
urritu,urritua
urrun,urrun
urrun,urruña
urrundu,urrundu
urrundu,urrundua
urruti,urruti
urrutiko,urruticoa
urrutiratu,urrutiratu
urrutiratu,urrutiratú
urrutiratu,urrutiratua
urtar,urtarra
urtegi,urteguia
urten,urten
urtetsu,urtetsua
urteurren,urteurrena
urtsu,urtsuá
urtu,urtu
urtu,urtú
urtu,urtua
urtzaile,urtzallea
urtze,urtzea
usakume,usacumea
usain egin,usaiñ eguin
usandu,usandu
usandu,usandua
usategi,usateguia
usatu,usatu
usatu,usatua
usna,usná
uso,uso
uso,usoa
uste,uste
uste izan,uste izan
uste,ustea
ustekabe,ustecabea
ustekabeko,ustecabecoa
ustel,ustela
ustel,ustelá
usteldu,usteldu
usteldu,usteldua
usteltze,usteltzea
usu,usu
usu,usua
utzi,utzi
utzi,utzia
uzkur,uzcura
uzkur,uzcurá
uzta,uztá
uztail,uztailla
uztaldi,uztaldia
uztarri,uztarria
uztartu,uztartua
uztai,uztaya
benerazio,veneracioa
bentzutu,ventzutu
bentzutu,ventzutua
berba,verbá
berdantza,verdantza
berde,verdea
berdetasun,verdetasuna
berdetu,verdetu
berdura,verdura
bertso,versoac
bertute,vertutea
bikario,vicarioa
bizi,vici
bizi,vicia
biziera,viciera
bizitasun,vicitasuna
bizitegi,viciteguia
biska,viscá
bisita,visita
bisitatu,visitatu
bizkonde,vizcondea
bizkondesa,vizcondesa
biztu,viztu
biztu,viztua
unatu,vnatu
urrundu,vrrundu
utzi,vtzi
utzi,vtzia
xalo,xaloa
zabaldu,zabaldu
zabaldu,zabaldua
zabaldu,zabalduá
zabaltasun,zabaltasun
zabaltasun,zabaltasuna
zabaltza,zabaltza
zabaltzaile,zabaltzallea
zabarkeria,zabarqueria
zabar,zabarra
zabartu,zabartu
zabartu,zabartua
zabu,zabua
zakar,zacarra
zakartu,zacartu
zaku,zacua
zakur,zacur
zakuto,zacutoa
zail,zaillá
zain,zaina
zain,zaiñac
zaintsu,zaintsua
zalantza,zalantza
zalantza,zalantzá
zalantza,zalanza
zalantza,zalanzá
zalantzatu,zalanzatu
zaldi,zaldi
zaldi,zaldia
zalditegi,zalditegui
zaldizko,zaldizcoac
zaldun,zaldun
zaldun,zalduna
zaldun,zaldunac
zalduntza,zalduntza
zale,zalea
zale,zaleá
zaletu,zaletu
zaletu,zaletú
zaletu,zaletua
zamari,zamaria
zamari,zamariá
zamar,zamarra
zamatu,zamatua
zamau,zamaua
zanpatu,zampatu
zangar,zangarra
zangarte,zangartea
zapaldu,zapaldu
zapaldu,zapaldua
zaparrada,zaparrada
zapart egin,zapart eguin
zapatari,zapataria
zapatu,zapatua
zaplada,zaplada
zapo,zapoa
zapuztu,zapuztua
zare,zarea
zarpatsu,zarpatsua
zarratu,zarratu
zartada,zartada
zartadako,zartadacoa
zartatu,zartatu
zatar,zatarra
zatar,zatarrá
zatartu,zatartu
zati,zatia
zati,zatiac
zatikatu,zaticatu
zatikor,zaticorra
zatigarri,zatigarria
zatitu,zatitu
zatitu,zatitua
zatitzaile,zatitzallea
zauri,zauria
zauritu,zauritu
zauritu,zauritua
zaurtu,zaurtu
zaurtu,zaurtua
zain,zayna
zazpi,zazpi
zazpi,zazpia
zentzatu,zentzatu
zeuenganatu,zeuenganatu
zeuretu,zeuretu
zoko,zocoa
zokoratu,zocoratu
zokoratu,zocoratua
zokor,zocorra
zogi,zoguia
zogi,zoguiá
zola,zola
zolatu,zolatua
zolda,zolda
zoli,zolia
zopatu,zopatu
zorabiatu,zorabiatu
zoragarri,zoragarria
zorakeria,zoraqueria
zoratu,zoratu
zoratu,zoratua
zordun,zorduna
zori,zoria
zorigabe,zorigabeac
zorigaitz,zorigaitza
zorigaiztoko,zorigaiztocoa
zorion,zoriona
zoriondu,zoriondu
zorioneko,zorioneco
zorioneko,zorionecoa
zoriontasun,zoriontasunac
zoritu,zoritu
zoritu,zoritua
zornatu,zornatu
zornatu,zornatua
zor,zorrá
zorri,zorri
zorri,zorriac
zorro,zorroa
zorrotz,zorrotza
zorrotz,zorrotzá
zorrotzaile,zorrotzallea
zorroztarri,zorroztarria
zorroztu,zorroztu
zorroztu,zorroztú
zorroztu,zorroztua
zorte,zortea
zorte,zorteac
zortzi,zortzi
zortzidun,zortziduna
zotal,zotal
zotz,zotza
zotz,zotzac
zubi,zubia
zuzenbide,zucembidea
zuzen,zucen
zuzen,zucén
zuzen,zucena
zuzen,zucená
zuzenbide,zucenbidea
zuzendari,zucendaria
zuzendu,zucendu
zuzendu,zucendú
zuzendu,zucendua
zuzendu,zucenduá
zuzentasun,zucentasuna
zuzentzaile,zucentzallea
zuku,zucua
zukutu,zucutua
zuhain,zuhaina
zuhur,zuhurra
zuhurtu,zuhurtu
zuhurtu,zuhurtua
zuhurtzia,zuhurtzia
zulatu,zulatu
zulatu,zulatua
zulo,zuloa
zulogile,zuloguillea
zumardi,zumardia
zumar,zumarra
zume,zumea
zumitz,zumitza
zunda,zundá
zundatu,zundatu
zundatu,zundatua
zur,zura
zur,zurá
zurkaitz,zurcaitza
zuresi,zuresia
zuri,zuria
zuritasun,zuritasuna
zuritu,zuritu
zuritu,zuritua
zuritzaile,zuritzallea
zurra,zurra
zurra,zurrá
zurrun,zurrun
zurrun,zurruna
zurrun,zurruná
zurrupatu,zurrupatu
zurrupatu,zurrupatua
zurrut,zurruta
zurrut,zurrutá
zurrutada,zurrutada
zurtoin,zurtoina
zurtu,zurtu
zurtu,zurtua
zurtz,zurtza
zurubi,zurubia
zutargi,zutarguia
zuzen,zuzen
zuzendu,zuzendu
zuzentzaile,zuzentzallea
zuzpertu,zuzpertu
zuzpertu,zuzpertua
zuzkidura,zuzquidura
